lat,lon,dominant_class,wooded_frac,cleared_frac,water_frac,n_px
37.374825,-86.212693,cleared,0.463,0.51,0.028,363
37.374824,-86.155762,cleared,0.0,1.0,0.0,595
37.373346,-86.174326,cleared,0.0,1.0,0.0,729
37.373346,-86.173708,cleared,0.0,1.0,0.0,729
37.372845,-86.231256,cleared,0.018,0.891,0.091,496
37.372846,-86.226306,cleared,0.0,1.0,0.0,665
37.372852,-86.174326,cleared,0.0,1.0,0.0,603
37.372352,-86.228781,cleared,0.0,1.0,0.0,591
37.372353,-86.225687,cleared,0.0,1.0,0.0,613
37.372353,-86.224449,cleared,0.0,0.885,0.115,470
37.372357,-86.166901,cleared,0.0,1.0,0.0,723
37.372357,-86.165045,cleared,0.0,1.0,0.0,710
37.371858,-86.22878,cleared,0.0,1.0,0.0,547
37.371859,-86.225686,cleared,0.0,1.0,0.0,698
37.371859,-86.225068,cleared,0.0,1.0,0.0,729
37.371859,-86.22383,cleared,0.0,0.997,0.003,641
37.371864,-86.171233,cleared,0.051,0.948,0.002,572
37.371863,-86.165664,cleared,0.0,1.0,0.0,557
37.371863,-86.163807,cleared,0.0,1.0,0.0,618
37.371364,-86.227543,cleared,0.0,1.0,0.0,729
37.371365,-86.225067,cleared,0.0,1.0,0.0,729
37.371366,-86.223211,cleared,0.002,0.998,0.0,494
37.371366,-86.221355,cleared,0.0,1.0,0.0,587
37.370379,-86.221354,cleared,0.0,0.949,0.051,605
37.370383,-86.176802,cleared,0.0,0.996,0.004,555
37.369885,-86.221973,cleared,0.0,1.0,0.0,728
37.369888,-86.166902,cleared,0.002,0.998,0.0,542
37.36939,-86.223829,cleared,0.0,0.869,0.131,565
37.369391,-86.221973,cleared,0.0,1.0,0.0,620
37.368896,-86.223829,cleared,0.0,1.0,0.0,719
37.368896,-86.22321,cleared,0.0,1.0,0.0,729
37.3689,-86.166902,cleared,0.0,1.0,0.0,728
37.368402,-86.223828,cleared,0.0,1.0,0.0,729
37.367909,-86.223209,cleared,0.0,0.996,0.004,687
37.367912,-86.167521,cleared,0.0,1.0,0.0,631
37.367912,-86.166902,cleared,0.0,1.0,0.0,729
37.367911,-86.161952,cleared,0.0,1.0,0.0,371
37.367415,-86.22259,cleared,0.0,1.0,0.0,729
37.367419,-86.167521,cleared,0.0,1.0,0.0,729
37.367416,-86.155765,wooded,0.957,0.043,0.0,376
37.366925,-86.168759,cleared,0.0,1.0,0.0,634
37.366925,-86.167521,cleared,0.0,1.0,0.0,729
37.366925,-86.166902,cleared,0.0,1.0,0.0,729
37.366925,-86.166284,cleared,0.0,1.0,0.0,727
37.366428,-86.221971,cleared,0.0,1.0,0.0,729
37.366428,-86.221352,cleared,0.0,1.0,0.0,661
37.366431,-86.167521,cleared,0.0,1.0,0.0,729
37.365933,-86.223827,cleared,0.0,1.0,0.0,627
37.365933,-86.223208,cleared,0.0,0.964,0.036,637
37.365934,-86.221352,cleared,0.0,1.0,0.0,729
37.36544,-86.223208,cleared,0.0,0.909,0.091,570
37.36544,-86.222589,cleared,0.0,0.989,0.011,533
37.36544,-86.220733,cleared,0.0,1.0,0.0,729
37.365441,-86.218258,cleared,0.0,1.0,0.0,606
37.364946,-86.222589,cleared,0.0,0.958,0.042,546
37.364946,-86.22197,cleared,0.0,1.0,0.0,462
37.364453,-86.218877,cleared,0.0,1.0,0.0,621
37.364454,-86.215164,cleared,0.0,1.0,0.0,557
37.363959,-86.219495,cleared,0.0,1.0,0.0,681
37.363465,-86.220732,wooded,0.451,0.434,0.115,521
37.363465,-86.220114,cleared,0.0,1.0,0.0,394
37.363465,-86.219495,cleared,0.0,1.0,0.0,532
37.362971,-86.220113,cleared,0.0,0.891,0.109,608
37.362971,-86.219495,cleared,0.0,0.985,0.015,530
37.362971,-86.218876,cleared,0.0,1.0,0.0,420
37.362972,-86.218257,cleared,0.0,1.0,0.0,666
37.362974,-86.167522,cleared,0.0,1.0,0.0,552
37.362477,-86.220113,cleared,0.0,1.0,0.0,728
37.362477,-86.219494,cleared,0.0,0.92,0.08,647
37.36248,-86.169379,cleared,0.0,1.0,0.0,729
37.361983,-86.220113,cleared,0.0,1.0,0.0,719
37.36149,-86.220113,cleared,0.01,0.99,0.0,696
37.36149,-86.219494,cleared,0.0,1.0,0.0,729
37.36149,-86.218875,cleared,0.0,1.0,0.0,673
37.360996,-86.219494,cleared,0.0,1.0,0.0,729
37.360008,-86.218256,cleared,0.0,0.902,0.098,429
37.360011,-86.169379,cleared,0.0,1.0,0.0,694
37.359515,-86.217637,cleared,0.0,1.0,0.0,729
37.359515,-86.217018,cleared,0.0,1.0,0.0,698
37.359517,-86.168761,cleared,0.0,1.0,0.0,634
37.359021,-86.217018,cleared,0.0,1.0,0.0,729
37.359021,-86.2164,cleared,0.0,1.0,0.0,624
37.359023,-86.166286,cleared,0.0,1.0,0.0,444
37.358527,-86.217018,cleared,0.0,1.0,0.0,729
37.358527,-86.216399,cleared,0.0,1.0,0.0,729
37.358528,-86.215781,cleared,0.002,0.998,0.0,631
37.358034,-86.216399,cleared,0.0,1.0,0.0,719
37.358034,-86.215162,wooded,0.559,0.441,0.0,610
37.35754,-86.21578,cleared,0.0,0.956,0.044,549
37.35754,-86.215162,cleared,0.021,0.979,0.0,572
37.357542,-86.167524,cleared,0.0,1.0,0.0,729
37.357541,-86.166286,cleared,0.0,1.0,0.0,583
37.357046,-86.215161,cleared,0.0,0.98,0.02,655
37.357046,-86.214543,cleared,0.0,1.0,0.0,697
37.357047,-86.208975,cleared,0.0,0.981,0.019,698
37.357048,-86.168761,cleared,0.0,1.0,0.0,729
37.357047,-86.166287,cleared,0.0,1.0,0.0,620
37.356552,-86.215161,cleared,0.0,0.956,0.044,572
37.356552,-86.214543,cleared,0.0,1.0,0.0,729
37.356553,-86.213924,cleared,0.065,0.935,0.0,536
37.356554,-86.208975,cleared,0.0,1.0,0.0,681
37.356554,-86.166905,cleared,0.0,1.0,0.0,644
37.356554,-86.166287,cleared,0.0,1.0,0.0,588
37.356059,-86.214542,cleared,0.0,0.978,0.022,634
37.356059,-86.213924,cleared,0.0,1.0,0.0,690
37.35606,-86.209593,cleared,0.0,0.989,0.011,661
37.35606,-86.167524,cleared,0.0,1.0,0.0,639
37.355565,-86.214542,cleared,0.0,0.947,0.053,561
37.355565,-86.213924,cleared,0.0,1.0,0.0,729
37.355565,-86.213305,cleared,0.036,0.964,0.0,529
37.355565,-86.212686,cleared,0.0,1.0,0.0,346
37.355565,-86.211449,cleared,0.0,1.0,0.0,689
37.355565,-86.21083,cleared,0.0,1.0,0.0,656
37.355566,-86.166287,cleared,0.0,1.0,0.0,661
37.355071,-86.213923,cleared,0.0,1.0,0.0,618
37.355071,-86.213305,cleared,0.0,1.0,0.0,577
37.355071,-86.212686,cleared,0.0,1.0,0.0,729
37.355071,-86.212067,cleared,0.0,1.0,0.0,729
37.355072,-86.165668,cleared,0.0,1.0,0.0,729
37.354577,-86.213923,cleared,0.0,0.973,0.027,594
37.354577,-86.213305,cleared,0.0,1.0,0.0,729
37.354577,-86.212686,cleared,0.0,1.0,0.0,727
37.354578,-86.212067,cleared,0.0,0.958,0.042,573
37.354578,-86.21083,cleared,0.406,0.594,0.0,679
37.354578,-86.166287,cleared,0.0,1.0,0.0,717
37.354578,-86.165669,cleared,0.0,1.0,0.0,605
37.354577,-86.161957,cleared,0.0,1.0,0.0,678
37.354083,-86.214542,cleared,0.0,0.898,0.102,460
37.354083,-86.213923,cleared,0.0,1.0,0.0,720
37.354083,-86.213304,cleared,0.0,1.0,0.0,729
37.354084,-86.212686,cleared,0.0,0.97,0.03,598
37.354084,-86.212067,cleared,0.17,0.828,0.002,542
37.354084,-86.211449,wooded,0.768,0.232,0.0,587
37.354084,-86.21083,wooded,0.919,0.081,0.0,565
37.354084,-86.166287,cleared,0.0,1.0,0.0,704
37.354084,-86.165669,cleared,0.0,1.0,0.0,676
37.354083,-86.16072,cleared,0.0,1.0,0.0,709
37.354083,-86.160101,cleared,0.0,1.0,0.0,626
37.353589,-86.214542,cleared,0.0,0.964,0.036,612
37.353589,-86.213923,cleared,0.0,1.0,0.0,729
37.35359,-86.213304,cleared,0.0,0.934,0.066,619
37.35359,-86.212686,cleared,0.0,0.993,0.007,703
37.35359,-86.21083,cleared,0.01,0.99,0.0,697
37.35359,-86.163813,cleared,0.0,0.972,0.028,568
37.35359,-86.161957,cleared,0.0,1.0,0.0,662
37.353589,-86.16072,cleared,0.0,1.0,0.0,675
37.353589,-86.160101,cleared,0.0,1.0,0.0,716
37.353095,-86.21516,cleared,0.0,0.907,0.093,450
37.353095,-86.214541,cleared,0.0,0.854,0.146,625
37.353096,-86.213923,cleared,0.0,0.994,0.006,623
37.353096,-86.213304,cleared,0.0,0.976,0.024,662
37.353096,-86.212685,cleared,0.0,1.0,0.0,729
37.353096,-86.212067,cleared,0.0,1.0,0.0,635
37.353096,-86.209592,cleared,0.206,0.794,0.0,579
37.353096,-86.163194,cleared,0.0,1.0,0.0,721
37.353096,-86.161339,cleared,0.0,1.0,0.0,729
37.353095,-86.160101,cleared,0.0,1.0,0.0,596
37.3526,-86.21949,cleared,0.0,0.921,0.079,573
37.352601,-86.218253,cleared,0.425,0.496,0.078,562
37.352601,-86.217634,cleared,0.161,0.824,0.016,578
37.352601,-86.217016,cleared,0.0,1.0,0.0,724
37.352601,-86.216397,cleared,0.0,1.0,0.0,627
37.352602,-86.214541,cleared,0.0,0.975,0.025,677
37.352602,-86.213923,cleared,0.0,0.911,0.089,643
37.352602,-86.213304,cleared,0.0,0.886,0.114,587
37.352602,-86.212685,cleared,0.0,1.0,0.0,729
37.352602,-86.211448,cleared,0.235,0.765,0.0,597
37.352602,-86.210829,cleared,0.403,0.597,0.0,598
37.352602,-86.163813,cleared,0.0,1.0,0.0,667
37.352602,-86.163195,cleared,0.0,1.0,0.0,575
37.352602,-86.161957,cleared,0.0,1.0,0.0,729
37.352602,-86.161339,cleared,0.0,1.0,0.0,729
37.352107,-86.215778,cleared,0.0,1.0,0.0,615
37.352108,-86.21516,cleared,0.0,1.0,0.0,672
37.352108,-86.214541,cleared,0.0,1.0,0.0,474
37.352108,-86.213922,cleared,0.0,1.0,0.0,729
37.352108,-86.213304,cleared,0.0,0.983,0.017,699
37.352108,-86.212685,cleared,0.319,0.646,0.035,517
37.352108,-86.212067,wooded,0.978,0.022,0.0,631
37.352108,-86.211448,wooded,1.0,0.0,0.0,712
37.352109,-86.166907,cleared,0.0,1.0,0.0,725
37.352109,-86.166288,cleared,0.0,1.0,0.0,579
37.352109,-86.164432,cleared,0.0,1.0,0.0,452
37.352108,-86.163813,cleared,0.0,1.0,0.0,634
37.352107,-86.158864,cleared,0.0,1.0,0.0,578
37.351614,-86.213922,cleared,0.0,1.0,0.0,681
37.351614,-86.213304,cleared,0.0,1.0,0.0,729
37.351614,-86.212685,cleared,0.004,0.996,0.0,722
37.351614,-86.212066,cleared,0.438,0.556,0.005,577
37.351615,-86.168144,cleared,0.0,1.0,0.0,643
37.351615,-86.167525,cleared,0.0,1.0,0.0,568
37.351615,-86.165669,cleared,0.0,0.897,0.103,535
37.351613,-86.157009,cleared,0.177,0.823,0.0,470
37.35161,-86.145873,wooded,0.666,0.301,0.033,479
37.351115,-86.231243,cleared,0.079,0.815,0.105,493
37.35112,-86.213922,cleared,0.0,1.0,0.0,536
37.35112,-86.213303,cleared,0.0,1.0,0.0,729
37.35112,-86.212685,cleared,0.0,1.0,0.0,729
37.351121,-86.212066,cleared,0.041,0.956,0.003,686
37.351122,-86.170619,cleared,0.0,1.0,0.0,667
37.351122,-86.17,cleared,0.0,1.0,0.0,725
37.351122,-86.169381,cleared,0.286,0.714,0.0,584
37.351121,-86.16567,cleared,0.0,1.0,0.0,624
37.351121,-86.163195,cleared,0.132,0.868,0.0,660
37.35112,-86.162576,cleared,0.119,0.881,0.0,578
37.351117,-86.148348,wooded,0.988,0.012,0.0,566
37.350626,-86.213303,cleared,0.0,1.0,0.0,725
37.350627,-86.212685,cleared,0.0,1.0,0.0,729
37.350627,-86.212066,cleared,0.0,1.0,0.0,718
37.350627,-86.210829,wooded,1.0,0.0,0.0,620
37.350628,-86.172475,cleared,0.0,1.0,0.0,622
37.350628,-86.167526,cleared,0.211,0.789,0.0,635
37.350627,-86.166907,cleared,0.0,1.0,0.0,729
37.350627,-86.166288,cleared,0.0,1.0,0.0,630
37.350627,-86.164432,cleared,0.0,1.0,0.0,729
37.350627,-86.163814,wooded,0.506,0.494,0.0,397
37.350626,-86.161958,cleared,0.153,0.815,0.032,464
37.350626,-86.160102,cleared,0.0,1.0,0.0,642
37.350626,-86.159484,cleared,0.0,1.0,0.0,727
37.350626,-86.158865,cleared,0.0,1.0,0.0,729
37.350626,-86.158246,cleared,0.0,1.0,0.0,729
37.350625,-86.157628,cleared,0.0,1.0,0.0,726
37.350623,-86.148967,cleared,0.0,1.0,0.0,542
37.350623,-86.148348,cleared,0.041,0.959,0.0,605
37.350623,-86.14773,cleared,0.059,0.941,0.0,624
37.350622,-86.147111,cleared,0.009,0.991,0.0,634
37.350622,-86.146493,cleared,0.0,0.998,0.002,609
37.350133,-86.213303,cleared,0.0,0.995,0.005,645
37.350133,-86.212685,cleared,0.0,0.92,0.08,646
37.350133,-86.212066,cleared,0.005,0.934,0.061,625
37.350133,-86.211447,wooded,0.87,0.116,0.014,584
37.350133,-86.210829,wooded,1.0,0.0,0.0,539
37.350133,-86.21021,wooded,1.0,0.0,0.0,615
37.350134,-86.171856,cleared,0.0,1.0,0.0,632
37.350134,-86.171237,cleared,0.314,0.686,0.0,497
37.350134,-86.167526,cleared,0.144,0.856,0.0,639
37.350134,-86.166907,cleared,0.0,1.0,0.0,729
37.350133,-86.166288,cleared,0.0,1.0,0.0,721
37.350133,-86.16567,cleared,0.0,1.0,0.0,589
37.350133,-86.162577,cleared,0.0,1.0,0.0,701
37.350133,-86.161958,cleared,0.0,0.871,0.129,572
37.350132,-86.160721,cleared,0.0,1.0,0.0,712
37.350132,-86.160102,cleared,0.0,1.0,0.0,729
37.350132,-86.159484,cleared,0.0,1.0,0.0,729
37.350132,-86.158865,cleared,0.0,1.0,0.0,729
37.350132,-86.158246,cleared,0.0,1.0,0.0,729
37.350132,-86.157628,cleared,0.0,1.0,0.0,729
37.350131,-86.157009,cleared,0.0,1.0,0.0,674
37.350131,-86.155772,cleared,0.0,0.966,0.034,704
37.350128,-86.145256,wooded,1.0,0.0,0.0,507
37.349639,-86.213303,cleared,0.0,0.965,0.035,575
37.349639,-86.212684,cleared,0.0,0.993,0.007,722
37.349639,-86.212066,cleared,0.0,1.0,0.0,729
37.349639,-86.211447,wooded,0.552,0.448,0.0,525
37.34964,-86.167526,cleared,0.469,0.531,0.0,682
37.34964,-86.166907,cleared,0.0,1.0,0.0,729
37.34964,-86.166289,cleared,0.0,1.0,0.0,600
37.349639,-86.16567,cleared,0.0,1.0,0.0,690
37.349639,-86.163814,cleared,0.0,1.0,0.0,603
37.349639,-86.163196,cleared,0.0,1.0,0.0,725
37.349639,-86.162577,cleared,0.0,1.0,0.0,729
37.349639,-86.161958,cleared,0.0,1.0,0.0,676
37.349638,-86.160721,cleared,0.0,0.983,0.017,643
37.349638,-86.160103,cleared,0.0,1.0,0.0,729
37.349638,-86.159484,cleared,0.0,1.0,0.0,729
37.349638,-86.158865,cleared,0.0,1.0,0.0,729
37.349638,-86.158247,cleared,0.0,1.0,0.0,729
37.349638,-86.157628,cleared,0.0,1.0,0.0,729
37.349638,-86.157009,cleared,0.0,1.0,0.0,729
37.349637,-86.155154,cleared,0.004,0.996,0.0,679
37.349636,-86.152679,wooded,0.985,0.0,0.015,388
37.349635,-86.148349,cleared,0.0,1.0,0.0,635
37.349635,-86.14773,cleared,0.0,0.946,0.054,579
37.349634,-86.146493,cleared,0.0,0.975,0.025,649
37.349145,-86.21454,cleared,0.009,0.977,0.014,439
37.349145,-86.213921,cleared,0.0,0.949,0.051,394
37.349145,-86.212684,cleared,0.0,1.0,0.0,729
37.349145,-86.212066,cleared,0.0,1.0,0.0,729
37.349145,-86.211447,cleared,0.246,0.735,0.019,578
37.349145,-86.210828,cleared,0.096,0.904,0.0,565
37.349146,-86.167526,wooded,0.631,0.369,0.0,666
37.349146,-86.166907,cleared,0.0,1.0,0.0,615
37.349146,-86.16567,cleared,0.0,1.0,0.0,647
37.349146,-86.165052,cleared,0.0,1.0,0.0,331
37.349145,-86.164433,cleared,0.0,0.931,0.069,627
37.349145,-86.163814,cleared,0.0,1.0,0.0,642
37.349145,-86.163196,cleared,0.0,1.0,0.0,729
37.349145,-86.162577,cleared,0.0,1.0,0.0,729
37.349145,-86.161959,cleared,0.0,1.0,0.0,729
37.349144,-86.160103,cleared,0.0,1.0,0.0,727
37.349144,-86.159484,cleared,0.0,1.0,0.0,729
37.349144,-86.158865,cleared,0.0,1.0,0.0,729
37.349144,-86.158247,cleared,0.0,1.0,0.0,729
37.349144,-86.157628,cleared,0.0,1.0,0.0,729
37.349144,-86.15701,cleared,0.0,1.0,0.0,729
37.349143,-86.155154,cleared,0.0,0.751,0.249,688
37.349143,-86.154535,cleared,0.0,0.967,0.033,612
37.349143,-86.153917,cleared,0.416,0.489,0.095,462
37.349141,-86.148349,cleared,0.0,1.0,0.0,729
37.348651,-86.213303,cleared,0.0,1.0,0.0,567
37.348651,-86.212684,cleared,0.0,1.0,0.0,664
37.348651,-86.212065,cleared,0.0,1.0,0.0,729
37.348651,-86.211447,cleared,0.0,0.958,0.042,625
37.348651,-86.210828,cleared,0.003,0.997,0.0,598
37.348652,-86.21021,cleared,0.472,0.528,0.0,600
37.348652,-86.208354,cleared,0.124,0.876,0.0,468
37.348652,-86.167526,wooded,0.817,0.183,0.0,564
37.348652,-86.166907,cleared,0.0,1.0,0.0,620
37.348652,-86.166289,cleared,0.0,1.0,0.0,672
37.348652,-86.165052,cleared,0.0,0.952,0.048,524
37.348651,-86.163814,cleared,0.0,1.0,0.0,725
37.348651,-86.163196,cleared,0.0,1.0,0.0,729
37.348651,-86.162577,cleared,0.0,1.0,0.0,729
37.348651,-86.161959,cleared,0.0,1.0,0.0,729
37.348651,-86.16134,cleared,0.0,1.0,0.0,641
37.348651,-86.160103,cleared,0.0,0.928,0.072,609
37.34865,-86.159484,cleared,0.0,1.0,0.0,729
37.34865,-86.158866,cleared,0.0,1.0,0.0,729
37.34865,-86.158247,cleared,0.0,1.0,0.0,729
37.34865,-86.157628,cleared,0.0,1.0,0.0,711
37.34865,-86.15701,cleared,0.0,1.0,0.0,673
37.34865,-86.156391,cleared,0.0,1.0,0.0,729
37.348649,-86.153917,cleared,0.045,0.955,0.0,467
37.348647,-86.148349,cleared,0.0,1.0,0.0,729
37.348647,-86.147112,cleared,0.0,1.0,0.0,660
37.348646,-86.145875,cleared,0.0,0.676,0.324,497
37.348646,-86.144638,cleared,0.284,0.716,0.0,539
37.34864,-86.129791,cleared,0.025,0.95,0.025,476
37.348157,-86.212684,cleared,0.0,1.0,0.0,606
37.348157,-86.212065,cleared,0.0,1.0,0.0,729
37.348157,-86.211447,cleared,0.0,0.945,0.055,649
37.348158,-86.210828,cleared,0.0,1.0,0.0,729
37.348158,-86.210209,wooded,0.668,0.332,0.0,588
37.348158,-86.209591,wooded,0.517,0.483,0.0,478
37.348159,-86.173712,wooded,0.604,0.396,0.0,460
37.348159,-86.172475,cleared,0.0,1.0,0.0,592
37.348159,-86.171856,cleared,0.46,0.54,0.0,478
37.348158,-86.166289,cleared,0.0,1.0,0.0,404
37.348158,-86.16567,cleared,0.0,1.0,0.0,428
37.348158,-86.164433,cleared,0.0,1.0,0.0,714
37.348158,-86.163815,cleared,0.0,1.0,0.0,729
37.348157,-86.163196,cleared,0.29,0.71,0.0,670
37.348157,-86.162577,wooded,0.692,0.308,0.0,477
37.348157,-86.161959,cleared,0.1,0.9,0.0,602
37.348157,-86.16134,cleared,0.0,1.0,0.0,716
37.348157,-86.160722,cleared,0.0,0.727,0.273,597
37.348157,-86.159484,cleared,0.0,1.0,0.0,729
37.348156,-86.158866,cleared,0.0,1.0,0.0,729
37.348156,-86.158247,cleared,0.0,1.0,0.0,729
37.348156,-86.156391,cleared,0.0,1.0,0.0,614
37.348155,-86.153917,cleared,0.0,0.997,0.003,576
37.348154,-86.150205,wooded,1.0,0.0,0.0,388
37.348154,-86.149587,cleared,0.156,0.44,0.404,500
37.348153,-86.14835,cleared,0.0,1.0,0.0,691
37.348153,-86.147731,cleared,0.0,1.0,0.0,634
37.348153,-86.146494,cleared,0.0,0.993,0.007,608
37.348153,-86.145875,cleared,0.0,0.595,0.405,476
37.348152,-86.145257,cleared,0.0,0.738,0.262,614
37.348152,-86.144638,cleared,0.0,1.0,0.0,651
37.347664,-86.212065,cleared,0.0,1.0,0.0,654
37.347664,-86.211446,cleared,0.0,0.912,0.088,668
37.347664,-86.210828,cleared,0.0,1.0,0.0,729
37.347664,-86.210209,cleared,0.0,1.0,0.0,717
37.347665,-86.170619,wooded,1.0,0.0,0.0,576
37.347664,-86.166908,cleared,0.0,1.0,0.0,679
37.347664,-86.166289,cleared,0.0,0.992,0.008,531
37.347664,-86.165671,cleared,0.0,0.967,0.033,489
37.347664,-86.165052,cleared,0.0,1.0,0.0,628
37.347664,-86.164433,cleared,0.0,1.0,0.0,729
37.347664,-86.163815,cleared,0.0,1.0,0.0,729
37.347664,-86.163196,wooded,0.716,0.284,0.0,571
37.347663,-86.162578,wooded,0.986,0.014,0.0,631
37.347663,-86.161959,cleared,0.177,0.823,0.0,520
37.347663,-86.16134,cleared,0.0,1.0,0.0,614
37.347663,-86.158866,cleared,0.0,1.0,0.0,729
37.347662,-86.158247,cleared,0.0,1.0,0.0,729
37.347661,-86.153917,cleared,0.0,0.994,0.006,665
37.347661,-86.15268,cleared,0.0,1.0,0.0,498
37.34766,-86.14835,cleared,0.0,0.883,0.117,574
37.347659,-86.147731,cleared,0.0,1.0,0.0,721
37.347659,-86.147113,cleared,0.0,1.0,0.0,688
37.347659,-86.146494,cleared,0.0,1.0,0.0,545
37.347658,-86.144638,cleared,0.0,1.0,0.0,707
37.347658,-86.14402,cleared,0.0,1.0,0.0,601
37.347658,-86.142783,cleared,0.102,0.898,0.0,576
37.34717,-86.211446,cleared,0.0,0.933,0.067,671
37.34717,-86.210828,cleared,0.0,0.973,0.027,714
37.34717,-86.210209,cleared,0.0,1.0,0.0,729
37.34717,-86.209591,cleared,0.0,1.0,0.0,695
37.34717,-86.208972,cleared,0.0,1.0,0.0,575
37.347171,-86.167526,cleared,0.0,1.0,0.0,666
37.34717,-86.166908,cleared,0.0,0.951,0.049,552
37.34717,-86.165671,cleared,0.0,0.867,0.133,542
37.34717,-86.165052,cleared,0.0,1.0,0.0,721
37.34717,-86.164434,cleared,0.0,1.0,0.0,729
37.34717,-86.163815,cleared,0.0,1.0,0.0,729
37.34717,-86.163196,cleared,0.339,0.661,0.0,652
37.34717,-86.162578,wooded,0.81,0.19,0.0,527
37.347169,-86.161959,cleared,0.0,1.0,0.0,648
37.347169,-86.161341,cleared,0.0,1.0,0.0,628
37.347169,-86.160722,cleared,0.0,1.0,0.0,677
37.347169,-86.160103,cleared,0.0,0.563,0.437,552
37.347169,-86.158248,cleared,0.0,1.0,0.0,729
37.347168,-86.155773,cleared,0.039,0.631,0.33,515
37.347168,-86.155155,cleared,0.0,0.832,0.168,543
37.347168,-86.154536,cleared,0.0,1.0,0.0,654
37.347167,-86.152062,cleared,0.0,1.0,0.0,729
37.347166,-86.149587,wooded,0.883,0.117,0.0,349
37.347165,-86.147113,cleared,0.0,1.0,0.0,728
37.347165,-86.146494,cleared,0.0,1.0,0.0,729
37.347165,-86.145257,cleared,0.0,0.838,0.162,581
37.347164,-86.14402,cleared,0.0,1.0,0.0,722
37.347164,-86.143401,cleared,0.0,1.0,0.0,494
37.347164,-86.142783,cleared,0.038,0.962,0.0,654
37.347164,-86.142164,cleared,0.485,0.515,0.0,646
37.347163,-86.141546,wooded,1.0,0.0,0.0,679
37.346676,-86.210828,cleared,0.0,0.961,0.039,610
37.346676,-86.210209,cleared,0.0,1.0,0.0,729
37.346676,-86.20959,cleared,0.0,1.0,0.0,729
37.346676,-86.208972,cleared,0.0,1.0,0.0,729
37.346677,-86.167527,cleared,0.0,0.994,0.006,644
37.346676,-86.165671,cleared,0.0,0.987,0.013,609
37.346676,-86.164434,cleared,0.0,1.0,0.0,726
37.346676,-86.163815,cleared,0.0,1.0,0.0,729
37.346676,-86.163197,cleared,0.0,1.0,0.0,729
37.346676,-86.162578,cleared,0.036,0.964,0.0,689
37.346676,-86.161959,cleared,0.0,1.0,0.0,729
37.346675,-86.161341,cleared,0.0,1.0,0.0,729
37.346675,-86.160722,cleared,0.0,1.0,0.0,729
37.346675,-86.158866,cleared,0.0,1.0,0.0,601
37.346675,-86.158248,cleared,0.0,0.998,0.002,618
37.346673,-86.153299,cleared,0.0,1.0,0.0,661
37.346672,-86.148969,wooded,0.788,0.212,0.0,433
37.346671,-86.146495,cleared,0.0,1.0,0.0,729
37.346671,-86.145876,cleared,0.0,1.0,0.0,627
37.34667,-86.14402,cleared,0.0,1.0,0.0,706
37.34667,-86.143402,cleared,0.0,1.0,0.0,720
37.34667,-86.142165,wooded,0.971,0.029,0.0,691
37.346182,-86.210827,cleared,0.015,0.931,0.054,536
37.346182,-86.210209,cleared,0.005,0.973,0.023,622
37.346182,-86.20959,cleared,0.0,1.0,0.0,729
37.346183,-86.208972,cleared,0.0,1.0,0.0,729
37.346183,-86.167527,cleared,0.0,0.965,0.035,537
37.346183,-86.166908,cleared,0.0,1.0,0.0,598
37.346182,-86.165671,cleared,0.0,0.995,0.005,551
37.346182,-86.165052,cleared,0.0,0.977,0.023,655
37.346182,-86.162578,cleared,0.0,1.0,0.0,694
37.346182,-86.16196,cleared,0.0,1.0,0.0,729
37.346182,-86.161341,cleared,0.0,1.0,0.0,729
37.346181,-86.160722,cleared,0.0,1.0,0.0,729
37.346181,-86.157629,cleared,0.0,1.0,0.0,519
37.34618,-86.156392,cleared,0.207,0.536,0.257,459
37.34618,-86.154537,cleared,0.0,1.0,0.0,664
37.34618,-86.153918,cleared,0.0,0.994,0.006,722
37.34618,-86.153299,cleared,0.068,0.93,0.002,544
37.346179,-86.152062,cleared,0.0,0.996,0.004,508
37.346179,-86.151444,cleared,0.0,0.997,0.003,693
37.346178,-86.148969,cleared,0.0,1.0,0.0,674
37.346178,-86.148351,cleared,0.092,0.908,0.0,512
37.346177,-86.146495,cleared,0.0,0.956,0.044,612
37.346177,-86.145876,cleared,0.0,1.0,0.0,706
37.346177,-86.145258,water,0.32,0.218,0.462,435
37.346177,-86.144639,cleared,0.0,0.946,0.054,606
37.346176,-86.144021,cleared,0.0,1.0,0.0,729
37.346176,-86.143402,cleared,0.0,1.0,0.0,707
37.346176,-86.142165,cleared,0.082,0.918,0.0,599
37.34617,-86.128556,cleared,0.0,0.937,0.063,524
37.345688,-86.210827,wooded,0.983,0.017,0.0,533
37.345688,-86.210209,wooded,0.809,0.109,0.082,571
37.345689,-86.20959,cleared,0.0,0.978,0.022,544
37.345689,-86.208972,cleared,0.0,1.0,0.0,618
37.345689,-86.208353,cleared,0.0,1.0,0.0,713
37.345689,-86.207734,cleared,0.0,1.0,0.0,542
37.345689,-86.165671,cleared,0.0,1.0,0.0,539
37.345688,-86.164434,cleared,0.088,0.89,0.021,565
37.345688,-86.163815,wooded,0.879,0.121,0.0,610
37.345688,-86.163197,wooded,0.909,0.091,0.0,624
37.345688,-86.162578,wooded,0.558,0.442,0.0,557
37.345688,-86.16196,cleared,0.011,0.989,0.0,624
37.345688,-86.161341,cleared,0.0,1.0,0.0,636
37.345687,-86.160104,cleared,0.0,0.949,0.051,652
37.345687,-86.159485,cleared,0.002,0.568,0.43,614
37.345687,-86.15763,cleared,0.0,1.0,0.0,575
37.345687,-86.157011,cleared,0.296,0.704,0.0,385
37.345686,-86.155774,cleared,0.0,0.971,0.029,629
37.345686,-86.155155,cleared,0.0,1.0,0.0,729
37.345686,-86.154537,cleared,0.0,1.0,0.0,729
37.345686,-86.153918,cleared,0.0,1.0,0.0,729
37.345686,-86.1533,cleared,0.02,0.98,0.0,704
37.345686,-86.152681,wooded,0.907,0.093,0.0,690
37.345685,-86.152062,cleared,0.171,0.829,0.0,596
37.345685,-86.151444,cleared,0.0,0.998,0.002,564
37.345685,-86.150207,cleared,0.0,1.0,0.0,580
37.345685,-86.149588,cleared,0.0,1.0,0.0,581
37.345684,-86.147732,cleared,0.002,0.998,0.0,625
37.345684,-86.147114,cleared,0.0,0.652,0.348,558
37.345683,-86.145877,cleared,0.0,1.0,0.0,713
37.345683,-86.145258,wooded,0.759,0.213,0.028,506
37.345683,-86.144021,cleared,0.0,1.0,0.0,654
37.345682,-86.143402,cleared,0.0,1.0,0.0,728
37.345682,-86.142165,cleared,0.0,1.0,0.0,724
37.345681,-86.140928,wooded,0.906,0.094,0.0,583
37.345681,-86.140309,wooded,0.803,0.197,0.0,559
37.345195,-86.210209,wooded,1.0,0.0,0.0,632
37.345195,-86.20959,cleared,0.17,0.74,0.09,465
37.345195,-86.208971,cleared,0.0,1.0,0.0,444
37.345195,-86.208353,cleared,0.0,1.0,0.0,729
37.345195,-86.207116,cleared,0.0,1.0,0.0,512
37.345196,-86.199074,cleared,0.18,0.786,0.034,323
37.345195,-86.167527,cleared,0.0,1.0,0.0,537
37.345195,-86.165671,cleared,0.0,1.0,0.0,640
37.345195,-86.165053,cleared,0.069,0.931,0.0,480
37.345194,-86.163816,cleared,0.048,0.952,0.0,503
37.345194,-86.163197,wooded,0.98,0.02,0.0,604
37.345194,-86.162578,wooded,1.0,0.0,0.0,717
37.345194,-86.16196,wooded,0.778,0.222,0.0,577
37.345193,-86.159486,cleared,0.0,0.982,0.018,717
37.345192,-86.155156,cleared,0.0,1.0,0.0,728
37.345192,-86.154537,cleared,0.0,1.0,0.0,729
37.345192,-86.153918,cleared,0.0,1.0,0.0,729
37.345192,-86.1533,cleared,0.0,1.0,0.0,729
37.345192,-86.152681,wooded,0.661,0.339,0.0,564
37.345191,-86.152063,cleared,0.0,1.0,0.0,695
37.345191,-86.151444,cleared,0.0,1.0,0.0,729
37.345191,-86.150826,cleared,0.0,1.0,0.0,729
37.345191,-86.150207,cleared,0.0,1.0,0.0,729
37.345191,-86.149588,cleared,0.0,1.0,0.0,721
37.34519,-86.14897,cleared,0.0,1.0,0.0,729
37.34519,-86.148351,cleared,0.0,1.0,0.0,729
37.34519,-86.147733,cleared,0.0,1.0,0.0,729
37.345189,-86.145877,cleared,0.0,0.997,0.003,624
37.345189,-86.14464,wooded,0.504,0.024,0.473,421
37.345189,-86.143403,cleared,0.0,1.0,0.0,729
37.345188,-86.142784,cleared,0.0,1.0,0.0,584
37.345188,-86.142166,cleared,0.0,1.0,0.0,729
37.345188,-86.141547,cleared,0.0,1.0,0.0,697
37.345188,-86.140928,wooded,0.913,0.087,0.0,624
37.345187,-86.14031,cleared,0.099,0.901,0.0,658
37.345187,-86.139691,wooded,0.967,0.033,0.0,612
37.345187,-86.139073,wooded,1.0,0.0,0.0,645
37.345181,-86.125464,cleared,0.0,1.0,0.0,512
37.344701,-86.210208,wooded,1.0,0.0,0.0,575
37.344701,-86.20959,cleared,0.312,0.62,0.068,577
37.344701,-86.208971,cleared,0.0,0.991,0.009,542
37.344701,-86.208353,cleared,0.0,1.0,0.0,567
37.344701,-86.207734,cleared,0.0,1.0,0.0,643
37.344702,-86.199693,wooded,0.774,0.226,0.0,469
37.344702,-86.199074,cleared,0.245,0.696,0.06,605
37.344701,-86.165671,cleared,0.0,1.0,0.0,577
37.344701,-86.165053,wooded,0.81,0.19,0.0,583
37.3447,-86.163197,wooded,1.0,0.0,0.0,345
37.3447,-86.159486,cleared,0.152,0.848,0.0,656
37.344699,-86.158867,cleared,0.0,0.683,0.317,615
37.344699,-86.15763,cleared,0.0,1.0,0.0,724
37.344699,-86.157011,cleared,0.0,1.0,0.0,611
37.344698,-86.153919,cleared,0.0,1.0,0.0,644
37.344698,-86.1533,cleared,0.0,1.0,0.0,728
37.344698,-86.152063,cleared,0.0,1.0,0.0,703
37.344697,-86.151444,cleared,0.0,1.0,0.0,729
37.344697,-86.150826,cleared,0.0,1.0,0.0,729
37.344697,-86.150207,cleared,0.0,1.0,0.0,729
37.344697,-86.149589,cleared,0.0,1.0,0.0,729
37.344697,-86.14897,cleared,0.0,1.0,0.0,729
37.344696,-86.147733,cleared,0.0,1.0,0.0,669
37.344696,-86.147114,cleared,0.0,1.0,0.0,636
37.344696,-86.145877,cleared,0.135,0.816,0.049,554
37.344695,-86.143403,cleared,0.0,0.933,0.067,554
37.344694,-86.142784,cleared,0.0,1.0,0.0,634
37.344694,-86.140929,cleared,0.003,0.997,0.0,649
37.344694,-86.14031,cleared,0.157,0.843,0.0,542
37.344688,-86.127939,cleared,0.0,1.0,0.0,634
37.344687,-86.126702,cleared,0.171,0.829,0.0,527
37.344687,-86.126083,cleared,0.05,0.95,0.0,404
37.344687,-86.125464,cleared,0.084,0.916,0.0,393
37.344207,-86.20959,cleared,0.119,0.881,0.0,603
37.344207,-86.208971,cleared,0.0,0.977,0.023,609
37.344207,-86.208353,cleared,0.0,0.978,0.022,363
37.344207,-86.207734,cleared,0.0,1.0,0.0,529
37.344208,-86.200311,wooded,0.905,0.095,0.0,567
37.344208,-86.199074,cleared,0.01,0.962,0.028,505
37.344209,-86.198456,cleared,0.337,0.663,0.0,389
37.344207,-86.165672,cleared,0.004,0.996,0.0,570
37.344206,-86.158867,cleared,0.014,0.953,0.032,708
37.344205,-86.157012,cleared,0.0,1.0,0.0,729
37.344205,-86.156393,cleared,0.0,1.0,0.0,559
37.344205,-86.155156,cleared,0.149,0.794,0.057,509
37.344204,-86.154537,cleared,0.006,0.708,0.287,544
37.344204,-86.153919,cleared,0.0,0.566,0.434,594
37.344204,-86.1533,cleared,0.0,0.519,0.481,497
37.344204,-86.152682,cleared,0.173,0.52,0.306,513
37.344204,-86.151445,cleared,0.0,0.986,0.014,622
37.344203,-86.150207,cleared,0.0,1.0,0.0,628
37.3442,-86.141548,cleared,0.0,1.0,0.0,651
37.3442,-86.14031,wooded,0.96,0.04,0.0,527
37.344194,-86.127321,cleared,0.0,1.0,0.0,729
37.343713,-86.210208,wooded,1.0,0.0,0.0,537
37.343713,-86.208971,cleared,0.16,0.84,0.0,574
37.343713,-86.208352,cleared,0.0,0.974,0.026,534
37.343713,-86.207734,cleared,0.0,0.995,0.005,656
37.343714,-86.207115,cleared,0.0,1.0,0.0,729
37.343714,-86.206497,cleared,0.0,1.0,0.0,722
37.343714,-86.205878,cleared,0.07,0.93,0.0,582
37.343715,-86.199074,cleared,0.018,0.976,0.006,499
37.343712,-86.158868,cleared,0.358,0.642,0.0,670
37.343711,-86.157012,cleared,0.0,1.0,0.0,729
37.343711,-86.156393,cleared,0.0,1.0,0.0,729
37.343711,-86.155156,cleared,0.116,0.884,0.0,242
37.34371,-86.153919,cleared,0.117,0.883,0.0,463
37.34371,-86.1533,cleared,0.436,0.546,0.018,614
37.34371,-86.152682,wooded,0.744,0.14,0.117,616
37.34371,-86.152063,wooded,0.801,0.0,0.199,549
37.343709,-86.148352,wooded,0.662,0.004,0.334,536
37.343709,-86.147733,wooded,0.765,0.0,0.235,486
37.343704,-86.136599,cleared,0.002,0.751,0.247,446
37.343704,-86.135981,cleared,0.0,0.608,0.392,515
37.3437,-86.126702,cleared,0.0,1.0,0.0,645
37.34322,-86.207115,cleared,0.403,0.497,0.099,575
37.34322,-86.206497,cleared,0.269,0.639,0.092,654
37.34322,-86.205878,cleared,0.086,0.865,0.05,643
37.34322,-86.20526,cleared,0.118,0.882,0.0,671
37.343221,-86.20093,cleared,0.282,0.66,0.058,412
37.343219,-86.162579,cleared,0.086,0.914,0.0,573
37.343218,-86.158249,cleared,0.058,0.942,0.0,668
37.343217,-86.157012,cleared,0.0,1.0,0.0,683
37.343217,-86.156394,cleared,0.0,1.0,0.0,729
37.343217,-86.155775,cleared,0.0,1.0,0.0,720
37.343217,-86.154538,cleared,0.022,0.978,0.0,644
37.343215,-86.150208,wooded,1.0,0.0,0.0,495
37.343215,-86.149589,wooded,1.0,0.0,0.0,487
37.343212,-86.141548,wooded,0.909,0.053,0.038,525
37.343212,-86.14093,wooded,0.464,0.419,0.117,513
37.343212,-86.140311,cleared,0.026,0.795,0.179,503
37.343211,-86.137218,cleared,0.0,1.0,0.0,659
37.34321,-86.1366,cleared,0.0,1.0,0.0,729
37.34321,-86.135363,cleared,0.0,1.0,0.0,627
37.34321,-86.134744,water,0.009,0.429,0.561,531
37.343209,-86.134125,cleared,0.004,0.722,0.274,460
37.343206,-86.127321,cleared,0.0,1.0,0.0,653
37.342726,-86.205878,wooded,0.946,0.053,0.002,628
37.342726,-86.205259,cleared,0.0,0.915,0.085,574
37.342726,-86.204641,cleared,0.253,0.701,0.046,582
37.342727,-86.201548,cleared,0.397,0.542,0.061,509
37.342724,-86.158249,wooded,0.708,0.292,0.0,524
37.342724,-86.157631,water,0.052,0.473,0.475,594
37.342723,-86.156394,cleared,0.0,1.0,0.0,607
37.342723,-86.155775,cleared,0.0,1.0,0.0,729
37.342723,-86.155157,cleared,0.0,1.0,0.0,715
37.342718,-86.140311,wooded,0.846,0.154,0.0,560
37.342718,-86.139693,cleared,0.281,0.719,0.0,516
37.342718,-86.139074,cleared,0.0,1.0,0.0,596
37.342717,-86.137837,cleared,0.0,1.0,0.0,721
37.342717,-86.137219,cleared,0.0,1.0,0.0,729
37.342717,-86.1366,cleared,0.0,1.0,0.0,729
37.342716,-86.135981,cleared,0.0,1.0,0.0,726
37.342713,-86.128559,cleared,0.0,1.0,0.0,524
37.342712,-86.12794,cleared,0.0,1.0,0.0,650
37.342712,-86.126085,wooded,0.582,0.418,0.0,409
37.342232,-86.206496,cleared,0.11,0.89,0.0,454
37.342232,-86.205878,cleared,0.084,0.916,0.0,550
37.342232,-86.205259,cleared,0.0,1.0,0.0,717
37.342232,-86.204641,cleared,0.048,0.922,0.029,476
37.342233,-86.202167,cleared,0.281,0.657,0.062,530
37.34223,-86.157631,wooded,0.989,0.0,0.011,554
37.342229,-86.155775,cleared,0.0,1.0,0.0,686
37.342229,-86.155157,cleared,0.0,1.0,0.0,724
37.342229,-86.154538,cleared,0.015,0.985,0.0,648
37.342229,-86.15392,wooded,0.996,0.004,0.0,517
37.342224,-86.139075,wooded,0.937,0.063,0.0,574
37.342222,-86.134745,cleared,0.002,0.998,0.0,521
37.342222,-86.134126,wooded,0.537,0.04,0.424,451
37.34222,-86.131652,cleared,0.002,0.998,0.0,559
37.34222,-86.131033,cleared,0.012,0.988,0.0,596
37.34222,-86.130415,cleared,0.462,0.538,0.0,561
37.34222,-86.129796,cleared,0.097,0.894,0.009,435
37.342219,-86.127941,cleared,0.0,1.0,0.0,664
37.342218,-86.126704,cleared,0.045,0.955,0.0,683
37.341738,-86.206496,cleared,0.0,1.0,0.0,493
37.341738,-86.205878,cleared,0.0,1.0,0.0,686
37.341738,-86.205259,cleared,0.0,1.0,0.0,654
37.341739,-86.204641,cleared,0.0,0.972,0.028,645
37.341739,-86.204022,cleared,0.162,0.742,0.097,476
37.341739,-86.202785,cleared,0.387,0.542,0.071,592
37.341739,-86.201548,wooded,1.0,0.0,0.0,607
37.341737,-86.163198,cleared,0.0,1.0,0.0,625
37.341735,-86.155157,cleared,0.0,1.0,0.0,590
37.341735,-86.154538,cleared,0.0,1.0,0.0,718
37.341735,-86.15392,cleared,0.412,0.588,0.0,503
37.341729,-86.137219,cleared,0.0,1.0,0.0,617
37.341729,-86.135982,cleared,0.0,1.0,0.0,708
37.341728,-86.135364,cleared,0.0,1.0,0.0,428
37.341728,-86.134745,cleared,0.016,0.984,0.0,699
37.341727,-86.132889,cleared,0.0,1.0,0.0,430
37.341727,-86.132271,cleared,0.0,1.0,0.0,676
37.341726,-86.131034,cleared,0.0,1.0,0.0,554
37.341726,-86.130415,cleared,0.0,0.87,0.13,323
37.341724,-86.127323,cleared,0.0,1.0,0.0,721
37.341724,-86.126704,cleared,0.282,0.718,0.0,507
37.341244,-86.205878,cleared,0.0,1.0,0.0,595
37.341245,-86.205259,cleared,0.0,1.0,0.0,615
37.341245,-86.204641,cleared,0.0,1.0,0.0,729
37.341245,-86.204022,cleared,0.0,0.916,0.084,521
37.341245,-86.203403,cleared,0.215,0.772,0.012,562
37.341241,-86.154539,cleared,0.0,1.0,0.0,556
37.341241,-86.15392,cleared,0.0,1.0,0.0,607
37.341235,-86.135982,cleared,0.448,0.552,0.0,656
37.341234,-86.135364,wooded,0.938,0.062,0.0,647
37.341234,-86.134745,wooded,0.818,0.182,0.0,567
37.341233,-86.132271,cleared,0.0,1.0,0.0,535
37.341232,-86.130416,cleared,0.0,1.0,0.0,616
37.341232,-86.129179,cleared,0.0,1.0,0.0,621
37.341231,-86.127941,cleared,0.0,1.0,0.0,620
37.34123,-86.125467,water,0.0,0.469,0.531,550
37.340751,-86.205877,cleared,0.0,1.0,0.0,672
37.340751,-86.20464,cleared,0.0,1.0,0.0,729
37.340751,-86.204022,cleared,0.0,0.944,0.056,627
37.340751,-86.203403,cleared,0.287,0.639,0.074,529
37.340751,-86.202785,wooded,1.0,0.0,0.0,466
37.340747,-86.153302,wooded,0.691,0.309,0.0,453
37.34074,-86.133509,wooded,0.555,0.0,0.445,510
37.340739,-86.13289,cleared,0.0,0.614,0.386,345
37.340739,-86.132272,cleared,0.0,1.0,0.0,318
37.340739,-86.131653,cleared,0.0,1.0,0.0,663
37.340738,-86.129797,cleared,0.0,1.0,0.0,632
37.340738,-86.129179,cleared,0.0,1.0,0.0,636
37.340737,-86.127942,cleared,0.0,1.0,0.0,726
37.340257,-86.205877,cleared,0.0,1.0,0.0,729
37.340257,-86.205259,cleared,0.0,1.0,0.0,646
37.340257,-86.20464,cleared,0.0,1.0,0.0,721
37.340257,-86.204022,cleared,0.0,0.982,0.018,676
37.340257,-86.203403,cleared,0.291,0.668,0.041,557
37.340258,-86.187321,cleared,0.0,0.948,0.052,542
37.340254,-86.155158,cleared,0.151,0.831,0.018,450
37.340253,-86.153921,cleared,0.0,0.871,0.129,528
37.340253,-86.153302,cleared,0.392,0.608,0.0,510
37.340245,-86.132272,cleared,0.0,0.984,0.016,309
37.340245,-86.131653,cleared,0.0,0.998,0.002,400
37.340244,-86.129798,cleared,0.0,1.0,0.0,724
37.340242,-86.126087,cleared,0.0,0.637,0.363,608
37.340242,-86.125468,cleared,0.108,0.763,0.129,544
37.339763,-86.205877,cleared,0.0,1.0,0.0,729
37.339763,-86.20464,cleared,0.0,1.0,0.0,712
37.339763,-86.204022,cleared,0.0,1.0,0.0,729
37.339763,-86.203403,cleared,0.038,0.894,0.068,573
37.339764,-86.18794,cleared,0.0,1.0,0.0,647
37.339764,-86.186084,cleared,0.0,1.0,0.0,627
37.33976,-86.155158,wooded,0.568,0.432,0.0,521
37.33976,-86.154539,cleared,0.0,0.981,0.019,632
37.339752,-86.134128,wooded,0.784,0.216,0.0,518
37.339751,-86.131654,cleared,0.0,0.991,0.009,442
37.339751,-86.131035,cleared,0.0,0.953,0.047,464
37.339751,-86.130417,cleared,0.0,1.0,0.0,565
37.339269,-86.205877,cleared,0.0,1.0,0.0,729
37.339269,-86.20464,cleared,0.0,1.0,0.0,729
37.339269,-86.204022,cleared,0.0,1.0,0.0,729
37.339269,-86.203403,cleared,0.0,0.975,0.025,632
37.33927,-86.190414,cleared,0.0,0.997,0.003,629
37.33927,-86.189177,cleared,0.0,1.0,0.0,672
37.33927,-86.186084,cleared,0.0,1.0,0.0,625
37.339266,-86.15454,cleared,0.001,0.999,0.0,705
37.339265,-86.152065,wooded,1.0,0.0,0.0,271
37.339265,-86.151447,wooded,0.969,0.0,0.031,325
37.339258,-86.134128,wooded,0.904,0.096,0.0,366
37.339257,-86.131036,cleared,0.0,1.0,0.0,512
37.339257,-86.130417,cleared,0.0,1.0,0.0,399
37.339255,-86.127324,cleared,0.0,1.0,0.0,612
37.339255,-86.126706,cleared,0.0,0.707,0.293,457
37.338775,-86.205877,cleared,0.0,1.0,0.0,729
37.338775,-86.20464,cleared,0.0,1.0,0.0,729
37.338775,-86.204021,cleared,0.0,1.0,0.0,729
37.338776,-86.203403,cleared,0.0,0.92,0.08,661
37.338776,-86.202784,wooded,0.744,0.15,0.106,539
37.338777,-86.189795,cleared,0.0,1.0,0.0,610
37.338777,-86.188558,cleared,0.0,1.0,0.0,656
37.338777,-86.18794,cleared,0.0,1.0,0.0,627
37.338772,-86.155777,wooded,1.0,0.0,0.0,462
37.338772,-86.155158,cleared,0.297,0.703,0.0,535
37.338772,-86.15454,cleared,0.087,0.913,0.0,666
37.338763,-86.130417,cleared,0.0,0.888,0.112,421
37.338763,-86.129799,cleared,0.0,1.0,0.0,541
37.338762,-86.12918,cleared,0.0,1.0,0.0,588
37.338762,-86.128562,cleared,0.0,0.998,0.002,590
37.338281,-86.205877,cleared,0.052,0.948,0.0,600
37.338282,-86.20464,cleared,0.0,1.0,0.0,729
37.338282,-86.204021,cleared,0.0,1.0,0.0,729
37.338282,-86.203403,cleared,0.0,0.979,0.021,632
37.338282,-86.202784,wooded,0.643,0.335,0.022,546
37.338283,-86.189177,cleared,0.0,1.0,0.0,627
37.338283,-86.186084,cleared,0.0,1.0,0.0,682
37.338283,-86.184847,wooded,0.76,0.24,0.0,628
37.338278,-86.155159,cleared,0.0,1.0,0.0,657
37.338278,-86.15454,wooded,0.539,0.461,0.0,577
37.338278,-86.153921,wooded,0.56,0.0,0.44,495
37.338278,-86.153303,wooded,0.928,0.012,0.06,403
37.33827,-86.13351,wooded,0.904,0.096,0.0,489
37.337787,-86.206495,wooded,1.0,0.0,0.0,598
37.337787,-86.205877,wooded,0.95,0.05,0.0,620
37.337788,-86.20464,cleared,0.0,1.0,0.0,729
37.337788,-86.204021,cleared,0.0,1.0,0.0,729
37.337788,-86.203403,cleared,0.0,0.971,0.029,618
37.337788,-86.202784,cleared,0.397,0.57,0.034,597
37.337788,-86.201547,wooded,1.0,0.0,0.0,678
37.337789,-86.191651,cleared,0.0,0.925,0.075,505
37.337789,-86.191032,cleared,0.0,1.0,0.0,646
37.337789,-86.189795,cleared,0.068,0.932,0.0,630
37.337789,-86.189177,cleared,0.018,0.982,0.0,550
37.337789,-86.188558,cleared,0.0,1.0,0.0,658
37.337789,-86.18794,cleared,0.01,0.99,0.0,676
37.337789,-86.186084,cleared,0.0,1.0,0.0,728
37.337789,-86.184847,wooded,0.872,0.128,0.0,658
37.337789,-86.184229,wooded,1.0,0.0,0.0,596
37.337788,-86.170622,cleared,0.267,0.728,0.005,427
37.337785,-86.155777,cleared,0.0,1.0,0.0,582
37.337784,-86.155159,cleared,0.394,0.606,0.0,335
37.337784,-86.15454,wooded,0.643,0.0,0.357,504
37.337777,-86.133511,cleared,0.312,0.688,0.0,433
37.337294,-86.206495,wooded,1.0,0.0,0.0,593
37.337294,-86.205877,wooded,1.0,0.0,0.0,703
37.337294,-86.205258,wooded,0.596,0.404,0.0,666
37.337294,-86.20464,cleared,0.0,1.0,0.0,729
37.337294,-86.204021,cleared,0.0,1.0,0.0,729
37.337294,-86.203403,cleared,0.0,0.98,0.02,662
37.337294,-86.202784,wooded,0.639,0.251,0.11,499
37.337294,-86.20031,wooded,1.0,0.0,0.0,643
37.337295,-86.191651,cleared,0.0,1.0,0.0,603
37.337295,-86.191032,cleared,0.0,1.0,0.0,729
37.337295,-86.190414,cleared,0.0,1.0,0.0,563
37.337295,-86.189795,cleared,0.0,1.0,0.0,729
37.337295,-86.189177,cleared,0.0,1.0,0.0,620
37.337295,-86.185466,cleared,0.026,0.974,0.0,582
37.337294,-86.170622,cleared,0.0,0.992,0.008,519
37.337291,-86.157014,cleared,0.009,0.991,0.0,664
37.337283,-86.134748,cleared,0.412,0.588,0.0,481
37.337283,-86.13413,wooded,0.892,0.108,0.0,639
37.3368,-86.205877,wooded,1.0,0.0,0.0,699
37.3368,-86.205258,cleared,0.283,0.717,0.0,633
37.3368,-86.204639,cleared,0.0,1.0,0.0,729
37.3368,-86.204021,cleared,0.0,0.964,0.036,647
37.3368,-86.203402,cleared,0.0,1.0,0.0,511
37.3368,-86.202784,cleared,0.0,1.0,0.0,516
37.3368,-86.202165,cleared,0.0,1.0,0.0,601
37.3368,-86.201547,cleared,0.049,0.951,0.0,589
37.3368,-86.200928,wooded,0.824,0.176,0.0,551
37.3368,-86.20031,wooded,1.0,0.0,0.0,692
37.336801,-86.191651,cleared,0.0,1.0,0.0,574
37.336801,-86.191032,cleared,0.023,0.977,0.0,704
37.336801,-86.190414,wooded,0.54,0.46,0.0,528
37.336801,-86.189177,cleared,0.0,1.0,0.0,723
37.336801,-86.18361,cleared,0.0,1.0,0.0,655
37.336801,-86.182992,cleared,0.0,1.0,0.0,729
37.336801,-86.182373,cleared,0.0,1.0,0.0,729
37.336801,-86.181755,cleared,0.0,1.0,0.0,729
37.336801,-86.181136,cleared,0.0,1.0,0.0,618
37.336801,-86.179281,cleared,0.022,0.845,0.133,504
37.336801,-86.178044,cleared,0.069,0.931,0.0,521
37.336798,-86.15887,cleared,0.267,0.733,0.0,581
37.336798,-86.158252,cleared,0.123,0.877,0.0,681
37.336797,-86.157633,cleared,0.0,1.0,0.0,681
37.336797,-86.157015,cleared,0.0,1.0,0.0,454
37.336797,-86.156396,cleared,0.369,0.492,0.139,374
37.336306,-86.205258,cleared,0.031,0.969,0.0,700
37.336306,-86.204639,cleared,0.0,0.915,0.085,613
37.336306,-86.204021,cleared,0.0,0.986,0.014,696
37.336306,-86.203402,cleared,0.0,1.0,0.0,729
37.336306,-86.202784,cleared,0.0,1.0,0.0,724
37.336306,-86.202165,cleared,0.0,1.0,0.0,728
37.336306,-86.201547,cleared,0.0,1.0,0.0,727
37.336307,-86.200928,cleared,0.327,0.673,0.0,663
37.336307,-86.199691,wooded,1.0,0.0,0.0,631
37.336307,-86.199073,wooded,1.0,0.0,0.0,457
37.336307,-86.192269,cleared,0.0,1.0,0.0,661
37.336307,-86.191651,cleared,0.0,1.0,0.0,606
37.336307,-86.191032,cleared,0.286,0.714,0.0,535
37.336307,-86.190414,wooded,1.0,0.0,0.0,656
37.336307,-86.186703,cleared,0.32,0.68,0.0,578
37.336307,-86.185466,cleared,0.0,1.0,0.0,658
37.336307,-86.184847,cleared,0.0,1.0,0.0,612
37.336307,-86.184229,cleared,0.0,0.953,0.047,572
37.336307,-86.182992,cleared,0.0,1.0,0.0,729
37.336307,-86.182373,cleared,0.0,1.0,0.0,729
37.336307,-86.181755,cleared,0.0,1.0,0.0,729
37.336307,-86.181136,cleared,0.0,1.0,0.0,729
37.336307,-86.180518,cleared,0.0,1.0,0.0,729
37.336307,-86.178662,cleared,0.0,1.0,0.0,660
37.336307,-86.177425,cleared,0.0,1.0,0.0,639
37.336307,-86.176807,cleared,0.0,1.0,0.0,679
37.336307,-86.17557,cleared,0.268,0.732,0.0,545
37.336306,-86.17124,cleared,0.0,1.0,0.0,503
37.336306,-86.170003,wooded,0.639,0.361,0.0,502
37.336304,-86.159489,cleared,0.006,0.994,0.0,672
37.336304,-86.15887,cleared,0.0,1.0,0.0,704
37.336304,-86.158252,cleared,0.0,1.0,0.0,501
37.336295,-86.133512,cleared,0.0,1.0,0.0,679
37.335812,-86.204639,cleared,0.0,0.895,0.105,478
37.335812,-86.204021,cleared,0.0,0.911,0.089,540
37.335812,-86.202784,cleared,0.0,0.999,0.001,688
37.335813,-86.202165,cleared,0.0,1.0,0.0,729
37.335813,-86.201547,cleared,0.0,1.0,0.0,729
37.335813,-86.200928,cleared,0.326,0.674,0.0,678
37.335813,-86.199691,wooded,1.0,0.0,0.0,654
37.335813,-86.198454,wooded,1.0,0.0,0.0,636
37.335813,-86.192269,cleared,0.0,1.0,0.0,729
37.335813,-86.191651,cleared,0.0,1.0,0.0,626
37.335813,-86.191032,cleared,0.03,0.97,0.0,706
37.335813,-86.190414,cleared,0.235,0.765,0.0,463
37.335813,-86.189795,wooded,0.696,0.304,0.0,504
37.335813,-86.186084,wooded,0.991,0.009,0.0,683
37.335813,-86.185466,wooded,0.647,0.353,0.0,669
37.335813,-86.184847,cleared,0.041,0.959,0.0,590
37.335813,-86.184229,cleared,0.0,1.0,0.0,609
37.335813,-86.18361,cleared,0.0,1.0,0.0,634
37.335813,-86.182992,cleared,0.0,1.0,0.0,729
37.335813,-86.182373,cleared,0.0,1.0,0.0,729
37.335813,-86.181755,cleared,0.0,1.0,0.0,729
37.335813,-86.181136,cleared,0.0,1.0,0.0,729
37.335813,-86.180518,cleared,0.0,1.0,0.0,729
37.335813,-86.178662,cleared,0.0,1.0,0.0,710
37.335813,-86.177425,cleared,0.0,1.0,0.0,599
37.335813,-86.176188,wooded,0.537,0.463,0.0,551
37.335813,-86.174333,cleared,0.134,0.866,0.0,686
37.335813,-86.173714,cleared,0.0,1.0,0.0,577
37.335812,-86.17124,cleared,0.248,0.706,0.046,435
37.335812,-86.170622,cleared,0.369,0.631,0.0,409
37.335812,-86.170003,wooded,1.0,0.0,0.0,501
37.33581,-86.160726,cleared,0.0,1.0,0.0,690
37.33581,-86.160108,cleared,0.0,1.0,0.0,606
37.335809,-86.155778,wooded,0.812,0.188,0.0,414
37.3358,-86.131038,cleared,0.0,1.0,0.0,622
37.335319,-86.203402,cleared,0.0,0.997,0.003,604
37.335319,-86.201547,cleared,0.0,1.0,0.0,729
37.335319,-86.20031,wooded,0.562,0.438,0.0,667
37.335319,-86.199691,wooded,0.958,0.042,0.0,648
37.335319,-86.199073,wooded,1.0,0.0,0.0,542
37.33532,-86.192269,cleared,0.0,1.0,0.0,715
37.33532,-86.191651,cleared,0.0,1.0,0.0,585
37.33532,-86.191032,cleared,0.0,1.0,0.0,728
37.33532,-86.189795,cleared,0.011,0.989,0.0,624
37.33532,-86.185466,wooded,1.0,0.0,0.0,603
37.33532,-86.184847,wooded,0.873,0.127,0.0,591
37.33532,-86.18361,cleared,0.0,0.955,0.045,426
37.33532,-86.182992,cleared,0.0,1.0,0.0,675
37.33532,-86.182373,cleared,0.0,1.0,0.0,629
37.335319,-86.179899,cleared,0.052,0.948,0.0,484
37.335319,-86.178662,cleared,0.0,0.879,0.121,564
37.335319,-86.178044,cleared,0.0,1.0,0.0,635
37.335319,-86.177425,cleared,0.0,1.0,0.0,688
37.335319,-86.176807,cleared,0.285,0.715,0.0,460
37.335319,-86.176189,cleared,0.396,0.604,0.0,560
37.335319,-86.17557,cleared,0.0,1.0,0.0,593
37.335319,-86.174952,cleared,0.0,1.0,0.0,658
37.335319,-86.174333,cleared,0.0,1.0,0.0,632
37.335319,-86.173715,cleared,0.0,1.0,0.0,523
37.335317,-86.161963,cleared,0.074,0.842,0.084,405
37.334825,-86.202784,wooded,0.874,0.126,0.0,676
37.334825,-86.201547,cleared,0.0,1.0,0.0,699
37.334825,-86.20031,cleared,0.0,1.0,0.0,729
37.334825,-86.199691,cleared,0.25,0.75,0.0,651
37.334825,-86.199073,wooded,1.0,0.0,0.0,527
37.334826,-86.192269,cleared,0.0,1.0,0.0,729
37.334826,-86.191651,cleared,0.0,1.0,0.0,590
37.334826,-86.191032,cleared,0.0,1.0,0.0,729
37.334826,-86.185466,wooded,0.987,0.013,0.0,551
37.334826,-86.18361,cleared,0.0,0.901,0.099,548
37.334826,-86.182373,cleared,0.0,1.0,0.0,424
37.334826,-86.181136,cleared,0.0,1.0,0.0,728
37.334826,-86.180518,cleared,0.0,1.0,0.0,729
37.334826,-86.1799,cleared,0.0,1.0,0.0,715
37.334825,-86.178044,cleared,0.0,1.0,0.0,729
37.334825,-86.177426,cleared,0.0,1.0,0.0,623
37.334825,-86.176807,cleared,0.0,1.0,0.0,622
37.334825,-86.176189,cleared,0.0,1.0,0.0,727
37.334825,-86.17557,cleared,0.0,1.0,0.0,566
37.334825,-86.174952,cleared,0.0,1.0,0.0,663
37.334825,-86.171859,cleared,0.012,0.984,0.004,560
37.334825,-86.170622,cleared,0.077,0.923,0.0,547
37.334822,-86.156397,cleared,0.0,0.948,0.052,597
37.334819,-86.148357,cleared,0.0,1.0,0.0,616
37.334813,-86.133513,cleared,0.0,1.0,0.0,676
37.334331,-86.20402,wooded,1.0,0.0,0.0,622
37.334331,-86.203402,wooded,1.0,0.0,0.0,522
37.334331,-86.202783,wooded,1.0,0.0,0.0,688
37.334331,-86.202165,cleared,0.22,0.776,0.003,599
37.334331,-86.200928,cleared,0.0,1.0,0.0,624
37.334331,-86.20031,cleared,0.0,1.0,0.0,729
37.334331,-86.199691,cleared,0.0,1.0,0.0,605
37.334332,-86.193506,cleared,0.227,0.416,0.357,515
37.334332,-86.192269,cleared,0.0,1.0,0.0,729
37.334332,-86.191032,cleared,0.0,1.0,0.0,703
37.334332,-86.190414,cleared,0.0,1.0,0.0,603
37.334332,-86.189795,cleared,0.0,1.0,0.0,547
37.334332,-86.18361,cleared,0.12,0.869,0.01,590
37.334332,-86.182992,cleared,0.0,1.0,0.0,641
37.334332,-86.182374,cleared,0.0,1.0,0.0,651
37.334332,-86.180518,cleared,0.0,1.0,0.0,528
37.334332,-86.179281,cleared,0.028,0.972,0.0,534
37.334332,-86.178044,cleared,0.0,0.983,0.017,595
37.334331,-86.177426,cleared,0.0,1.0,0.0,729
37.334331,-86.176807,cleared,0.0,1.0,0.0,705
37.334331,-86.176189,cleared,0.0,1.0,0.0,635
37.334331,-86.17557,cleared,0.0,1.0,0.0,665
37.334331,-86.174952,cleared,0.0,1.0,0.0,614
37.334331,-86.174333,cleared,0.0,1.0,0.0,592
37.334331,-86.173715,cleared,0.0,1.0,0.0,535
37.334331,-86.171859,cleared,0.0,0.964,0.036,533
37.334331,-86.170622,cleared,0.409,0.591,0.0,470
37.33433,-86.165056,cleared,0.188,0.756,0.056,410
37.334329,-86.162582,cleared,0.0,1.0,0.0,606
37.334325,-86.148357,cleared,0.0,1.0,0.0,615
37.334325,-86.14712,cleared,0.155,0.845,0.0,523
37.334323,-86.142791,cleared,0.004,0.996,0.0,527
37.334319,-86.131658,cleared,0.0,1.0,0.0,645
37.334318,-86.130421,cleared,0.0,1.0,0.0,614
37.333837,-86.206494,wooded,1.0,0.0,0.0,535
37.333837,-86.205876,wooded,1.0,0.0,0.0,604
37.333837,-86.203402,wooded,1.0,0.0,0.0,685
37.333837,-86.202783,cleared,0.146,0.854,0.0,444
37.333837,-86.202165,cleared,0.0,1.0,0.0,634
37.333837,-86.201546,cleared,0.0,0.979,0.021,612
37.333837,-86.200309,cleared,0.0,0.999,0.001,682
37.333837,-86.199691,cleared,0.236,0.764,0.0,474
37.333838,-86.192269,cleared,0.0,1.0,0.0,684
37.333838,-86.191651,cleared,0.0,1.0,0.0,670
37.333838,-86.182992,wooded,0.941,0.059,0.0,527
37.333838,-86.182374,wooded,0.997,0.003,0.0,610
37.333838,-86.181137,cleared,0.374,0.626,0.0,673
37.333838,-86.1799,cleared,0.0,1.0,0.0,566
37.333838,-86.177426,cleared,0.0,1.0,0.0,613
37.333838,-86.176807,cleared,0.0,1.0,0.0,729
37.333837,-86.17557,cleared,0.0,1.0,0.0,617
37.333837,-86.174333,cleared,0.0,1.0,0.0,575
37.333837,-86.173715,cleared,0.0,1.0,0.0,528
37.333837,-86.171859,cleared,0.0,0.997,0.003,587
37.333837,-86.171241,cleared,0.422,0.53,0.047,509
37.333836,-86.166912,cleared,0.355,0.645,0.0,265
37.333836,-86.163819,cleared,0.0,1.0,0.0,726
37.333836,-86.163201,cleared,0.0,1.0,0.0,705
37.333835,-86.160727,cleared,0.108,0.846,0.046,351
37.333832,-86.150831,cleared,0.0,0.996,0.004,536
37.333831,-86.147739,cleared,0.0,1.0,0.0,623
37.333831,-86.145883,cleared,0.0,1.0,0.0,623
37.333831,-86.145265,cleared,0.017,0.983,0.0,544
37.333342,-86.208968,wooded,0.92,0.068,0.012,503
37.333343,-86.207113,wooded,1.0,0.0,0.0,698
37.333343,-86.206494,wooded,0.892,0.108,0.0,660
37.333343,-86.20402,wooded,1.0,0.0,0.0,685
37.333343,-86.203402,wooded,1.0,0.0,0.0,680
37.333343,-86.202783,cleared,0.116,0.884,0.0,679
37.333343,-86.202165,cleared,0.0,1.0,0.0,654
37.333343,-86.201546,cleared,0.0,1.0,0.0,580
37.333343,-86.200928,cleared,0.0,0.997,0.003,613
37.333343,-86.200309,cleared,0.0,0.967,0.033,424
37.333344,-86.192269,cleared,0.0,1.0,0.0,699
37.333344,-86.191651,cleared,0.0,1.0,0.0,729
37.333344,-86.190414,cleared,0.0,1.0,0.0,613
37.333344,-86.185466,cleared,0.0,1.0,0.0,539
37.333344,-86.182374,wooded,1.0,0.0,0.0,592
37.333344,-86.181137,wooded,0.523,0.477,0.0,639
37.333344,-86.180518,cleared,0.0,1.0,0.0,611
37.333344,-86.1799,cleared,0.0,1.0,0.0,604
37.333344,-86.178663,wooded,0.645,0.355,0.0,504
37.333344,-86.176807,cleared,0.0,1.0,0.0,723
37.333344,-86.176189,cleared,0.0,1.0,0.0,727
37.333344,-86.17557,cleared,0.0,1.0,0.0,715
37.333343,-86.174333,cleared,0.0,1.0,0.0,517
37.333343,-86.172478,cleared,0.0,1.0,0.0,553
37.333343,-86.171859,cleared,0.0,1.0,0.0,624
37.333343,-86.171241,cleared,0.059,0.932,0.01,631
37.333343,-86.168767,cleared,0.165,0.792,0.043,279
37.333342,-86.165056,cleared,0.0,1.0,0.0,687
37.333342,-86.164438,cleared,0.0,1.0,0.0,649
37.333342,-86.163819,cleared,0.0,1.0,0.0,723
37.333342,-86.163201,cleared,0.002,0.998,0.0,518
37.333339,-86.15145,cleared,0.0,0.978,0.022,553
37.333339,-86.150831,cleared,0.0,1.0,0.0,571
37.333338,-86.149594,cleared,0.0,1.0,0.0,693
37.333338,-86.148357,cleared,0.0,1.0,0.0,631
37.333338,-86.147739,cleared,0.0,1.0,0.0,646
37.333337,-86.14712,cleared,0.287,0.713,0.0,544
37.333337,-86.145883,cleared,0.0,1.0,0.0,697
37.332849,-86.207112,cleared,0.069,0.913,0.018,554
37.332849,-86.206494,cleared,0.023,0.977,0.0,695
37.332849,-86.205876,cleared,0.0,1.0,0.0,729
37.332849,-86.205257,cleared,0.01,0.99,0.0,683
37.332849,-86.204639,cleared,0.21,0.79,0.0,667
37.332849,-86.20402,wooded,0.661,0.339,0.0,669
37.332849,-86.203402,wooded,0.589,0.396,0.015,593
37.332849,-86.202783,cleared,0.162,0.71,0.128,531
37.33285,-86.192888,cleared,0.064,0.562,0.374,559
37.33285,-86.191651,cleared,0.0,1.0,0.0,696
37.33285,-86.190414,cleared,0.0,1.0,0.0,605
37.33285,-86.182992,wooded,1.0,0.0,0.0,668
37.33285,-86.182374,wooded,1.0,0.0,0.0,634
37.33285,-86.181755,wooded,1.0,0.0,0.0,581
37.33285,-86.180518,cleared,0.189,0.811,0.0,694
37.33285,-86.1799,cleared,0.0,1.0,0.0,620
37.33285,-86.179281,cleared,0.0,1.0,0.0,564
37.33285,-86.178663,cleared,0.45,0.55,0.0,500
37.33285,-86.176189,cleared,0.0,1.0,0.0,576
37.33285,-86.17557,cleared,0.0,1.0,0.0,622
37.33285,-86.174952,cleared,0.0,1.0,0.0,729
37.33285,-86.174333,cleared,0.0,1.0,0.0,677
37.33285,-86.173715,cleared,0.0,1.0,0.0,644
37.332849,-86.173097,cleared,0.0,1.0,0.0,640
37.332849,-86.171241,cleared,0.0,1.0,0.0,729
37.332849,-86.166912,cleared,0.0,0.983,0.017,518
37.332848,-86.166293,cleared,0.0,1.0,0.0,706
37.332848,-86.165675,cleared,0.139,0.861,0.0,631
37.332848,-86.165056,cleared,0.391,0.609,0.0,560
37.332848,-86.164438,cleared,0.153,0.847,0.0,633
37.332848,-86.163819,cleared,0.138,0.862,0.0,594
37.332846,-86.154542,cleared,0.012,0.988,0.0,603
37.332845,-86.15145,cleared,0.0,0.919,0.081,603
37.332844,-86.149595,cleared,0.0,1.0,0.0,672
37.332844,-86.148976,cleared,0.0,1.0,0.0,726
37.332844,-86.148358,cleared,0.0,1.0,0.0,627
37.332339,-86.251642,cleared,0.0,1.0,0.0,729
37.332354,-86.210205,water,0.008,0.438,0.555,640
37.332354,-86.209586,cleared,0.0,1.0,0.0,687
37.332355,-86.205875,cleared,0.0,0.977,0.023,640
37.332355,-86.205257,cleared,0.0,1.0,0.0,665
37.332355,-86.202783,cleared,0.0,1.0,0.0,633
37.332356,-86.202165,cleared,0.0,1.0,0.0,668
37.332356,-86.201546,cleared,0.0,1.0,0.0,497
37.332356,-86.191651,cleared,0.0,1.0,0.0,684
37.332356,-86.191032,cleared,0.0,1.0,0.0,659
37.332356,-86.189795,cleared,0.268,0.732,0.0,522
37.332356,-86.184848,cleared,0.074,0.926,0.0,420
37.332356,-86.182992,wooded,1.0,0.0,0.0,561
37.332356,-86.1799,wooded,0.774,0.226,0.0,487
37.332356,-86.174334,cleared,0.0,1.0,0.0,617
37.332356,-86.173715,cleared,0.0,1.0,0.0,614
37.332356,-86.173097,cleared,0.0,1.0,0.0,660
37.332355,-86.170004,water,0.0,0.458,0.542,489
37.332355,-86.168767,cleared,0.274,0.726,0.0,563
37.332355,-86.168149,cleared,0.45,0.55,0.0,607
37.332355,-86.16753,wooded,0.541,0.459,0.0,569
37.332355,-86.166912,cleared,0.071,0.872,0.057,577
37.332355,-86.166293,wooded,0.671,0.329,0.0,477
37.332352,-86.15578,cleared,0.0,1.0,0.0,473
37.332351,-86.152687,cleared,0.0,1.0,0.0,523
37.332351,-86.152069,cleared,0.0,0.994,0.006,617
37.332351,-86.15145,cleared,0.0,0.983,0.017,579
37.332351,-86.150213,cleared,0.35,0.65,0.0,346
37.33235,-86.149595,cleared,0.154,0.735,0.112,358
37.33235,-86.147739,cleared,0.009,0.991,0.0,646
37.332349,-86.146502,cleared,0.0,1.0,0.0,486
37.332349,-86.145884,cleared,0.0,1.0,0.0,520
37.332349,-86.145266,cleared,0.0,0.97,0.03,535
37.332348,-86.144029,cleared,0.0,0.909,0.091,449
37.332348,-86.14341,cleared,0.143,0.714,0.143,294
37.33186,-86.210205,cleared,0.0,0.885,0.115,694
37.331861,-86.209586,cleared,0.0,1.0,0.0,644
37.331861,-86.208968,cleared,0.0,1.0,0.0,667
37.331861,-86.208349,cleared,0.245,0.755,0.0,587
37.331861,-86.207731,wooded,0.611,0.389,0.0,558
37.331861,-86.206494,cleared,0.294,0.381,0.326,402
37.331861,-86.20402,cleared,0.0,1.0,0.0,656
37.331862,-86.203401,cleared,0.0,1.0,0.0,712
37.331862,-86.200928,cleared,0.0,1.0,0.0,656
37.331863,-86.191651,cleared,0.0,0.839,0.161,492
37.331863,-86.191032,cleared,0.0,1.0,0.0,633
37.331863,-86.189795,wooded,0.524,0.476,0.0,458
37.331863,-86.184229,wooded,0.988,0.012,0.0,428
37.331863,-86.183611,wooded,1.0,0.0,0.0,581
37.331863,-86.182992,wooded,1.0,0.0,0.0,674
37.331862,-86.181137,wooded,1.0,0.0,0.0,557
37.331862,-86.1799,cleared,0.298,0.702,0.0,550
37.331862,-86.179281,cleared,0.309,0.691,0.0,538
37.331858,-86.153306,cleared,0.0,0.986,0.014,586
37.331857,-86.152687,cleared,0.0,0.998,0.002,546
37.331857,-86.152069,cleared,0.0,0.962,0.038,658
37.331857,-86.149595,wooded,0.707,0.293,0.0,352
37.331856,-86.148977,wooded,1.0,0.0,0.0,460
37.331856,-86.147121,cleared,0.434,0.566,0.0,429
37.331856,-86.146503,cleared,0.0,0.973,0.027,550
37.331855,-86.144647,cleared,0.0,1.0,0.0,473
37.331855,-86.144029,cleared,0.0,1.0,0.0,523
37.331854,-86.14341,cleared,0.0,1.0,0.0,574
37.331366,-86.210823,water,0.0,0.385,0.615,600
37.331367,-86.210204,cleared,0.0,1.0,0.0,716
37.331367,-86.209586,cleared,0.0,1.0,0.0,622
37.331367,-86.208967,cleared,0.0,1.0,0.0,609
37.331367,-86.208349,cleared,0.0,1.0,0.0,622
37.331367,-86.207731,cleared,0.0,1.0,0.0,612
37.331367,-86.207112,cleared,0.076,0.924,0.0,473
37.331368,-86.202783,cleared,0.0,1.0,0.0,544
37.331368,-86.202164,cleared,0.0,1.0,0.0,597
37.331368,-86.201546,cleared,0.0,1.0,0.0,596
37.331368,-86.200927,cleared,0.0,1.0,0.0,645
37.331369,-86.191032,cleared,0.0,1.0,0.0,705
37.331369,-86.190414,cleared,0.0,1.0,0.0,622
37.331369,-86.180518,wooded,1.0,0.0,0.0,652
37.331369,-86.1799,wooded,0.539,0.461,0.0,571
37.331368,-86.179281,cleared,0.014,0.986,0.0,591
37.331368,-86.178663,wooded,0.582,0.418,0.0,512
37.331368,-86.178044,wooded,1.0,0.0,0.0,690
37.331364,-86.155161,cleared,0.002,0.998,0.0,432
37.331364,-86.153925,cleared,0.0,0.969,0.031,487
37.331364,-86.153306,cleared,0.0,1.0,0.0,606
37.331363,-86.152069,cleared,0.0,0.984,0.016,640
37.331363,-86.151451,cleared,0.0,0.996,0.004,507
37.331361,-86.145885,wooded,0.652,0.348,0.0,339
37.331361,-86.145266,cleared,0.0,1.0,0.0,660
37.331361,-86.144648,cleared,0.0,1.0,0.0,568
37.331361,-86.144029,cleared,0.0,1.0,0.0,570
37.331361,-86.143411,cleared,0.0,1.0,0.0,618
37.33136,-86.142792,cleared,0.0,1.0,0.0,563
37.33136,-86.142174,cleared,0.0,1.0,0.0,543
37.33136,-86.140937,cleared,0.0,0.96,0.04,274
37.33087,-86.2201,cleared,0.43,0.521,0.049,407
37.330873,-86.210823,cleared,0.0,0.593,0.407,674
37.330873,-86.210204,cleared,0.0,1.0,0.0,623
37.330873,-86.209586,cleared,0.0,1.0,0.0,728
37.330873,-86.208349,cleared,0.008,0.992,0.0,479
37.330873,-86.207112,cleared,0.0,1.0,0.0,525
37.330874,-86.205257,cleared,0.161,0.833,0.005,570
37.330874,-86.204638,cleared,0.0,0.675,0.325,649
37.330874,-86.20402,cleared,0.0,0.51,0.49,621
37.330874,-86.201546,cleared,0.0,1.0,0.0,618
37.330874,-86.200927,cleared,0.0,1.0,0.0,565
37.330874,-86.200309,cleared,0.0,1.0,0.0,505
37.330875,-86.19598,cleared,0.0,1.0,0.0,711
37.330875,-86.194743,wooded,1.0,0.0,0.0,536
37.330875,-86.192887,cleared,0.469,0.531,0.0,493
37.330875,-86.191032,cleared,0.0,0.962,0.038,601
37.330875,-86.184229,cleared,0.491,0.509,0.0,591
37.330875,-86.183611,wooded,1.0,0.0,0.0,541
37.330875,-86.180518,wooded,1.0,0.0,0.0,675
37.330875,-86.1799,wooded,0.564,0.436,0.0,605
37.330875,-86.179281,cleared,0.0,1.0,0.0,729
37.330875,-86.178045,cleared,0.248,0.752,0.0,633
37.330873,-86.16382,wooded,1.0,0.0,0.0,659
37.33087,-86.152688,cleared,0.0,1.0,0.0,684
37.330868,-86.146503,cleared,0.058,0.942,0.0,414
37.330867,-86.144029,cleared,0.0,1.0,0.0,610
37.330867,-86.143411,cleared,0.0,1.0,0.0,544
37.330866,-86.142793,cleared,0.0,1.0,0.0,479
37.330866,-86.141556,cleared,0.0,1.0,0.0,572
37.330865,-86.140319,wooded,0.653,0.347,0.0,366
37.330865,-86.139082,wooded,0.509,0.484,0.007,407
37.330377,-86.220099,cleared,0.0,0.962,0.038,573
37.330377,-86.219481,wooded,0.596,0.404,0.0,493
37.330379,-86.211441,water,0.363,0.145,0.492,587
37.330379,-86.210823,cleared,0.0,0.877,0.123,685
37.330379,-86.209586,cleared,0.0,1.0,0.0,687
37.330379,-86.208967,cleared,0.0,1.0,0.0,684
37.330379,-86.207112,cleared,0.0,1.0,0.0,602
37.33038,-86.204638,cleared,0.447,0.553,0.0,613
37.33038,-86.20402,cleared,0.008,0.992,0.0,716
37.33038,-86.203401,cleared,0.0,0.999,0.001,724
37.33038,-86.202783,cleared,0.0,0.742,0.258,635
37.33038,-86.199072,cleared,0.0,1.0,0.0,548
37.330381,-86.198454,cleared,0.126,0.874,0.0,540
37.330381,-86.192269,cleared,0.0,1.0,0.0,729
37.330381,-86.184848,cleared,0.0,1.0,0.0,590
37.330381,-86.180518,wooded,1.0,0.0,0.0,679
37.330381,-86.1799,wooded,0.855,0.145,0.0,593
37.330376,-86.152688,cleared,0.0,0.936,0.064,470
37.330373,-86.143411,cleared,0.0,1.0,0.0,622
37.330372,-86.141556,cleared,0.092,0.908,0.0,564
37.33037,-86.137227,cleared,0.334,0.543,0.123,293
37.33037,-86.136608,cleared,0.379,0.577,0.044,478
37.33037,-86.13599,cleared,0.258,0.734,0.008,515
37.33037,-86.135371,cleared,0.118,0.847,0.034,406
37.329883,-86.220099,cleared,0.065,0.897,0.039,493
37.329885,-86.211441,water,0.185,0.092,0.723,600
37.329885,-86.210822,cleared,0.0,0.993,0.007,709
37.329885,-86.209586,cleared,0.0,1.0,0.0,642
37.329885,-86.208967,cleared,0.0,1.0,0.0,624
37.329885,-86.20773,cleared,0.0,1.0,0.0,493
37.329886,-86.207112,cleared,0.0,1.0,0.0,600
37.329886,-86.203401,cleared,0.0,1.0,0.0,658
37.329886,-86.202783,cleared,0.0,1.0,0.0,729
37.329886,-86.202164,cleared,0.0,0.999,0.001,727
37.329886,-86.201546,water,0.0,0.478,0.522,579
37.329887,-86.198453,cleared,0.0,1.0,0.0,437
37.329887,-86.197835,cleared,0.0,1.0,0.0,556
37.329887,-86.196598,wooded,1.0,0.0,0.0,583
37.329887,-86.194124,wooded,0.881,0.119,0.0,572
37.329887,-86.192269,cleared,0.0,1.0,0.0,729
37.329887,-86.184229,cleared,0.0,1.0,0.0,614
37.329879,-86.143412,cleared,0.0,1.0,0.0,634
37.329879,-86.142793,cleared,0.0,1.0,0.0,457
37.329878,-86.140319,wooded,0.889,0.111,0.0,504
37.329878,-86.139701,cleared,0.026,0.974,0.0,496
37.329877,-86.138464,cleared,0.0,1.0,0.0,625
37.329877,-86.137846,cleared,0.056,0.944,0.0,620
37.329876,-86.135372,cleared,0.0,1.0,0.0,489
37.329389,-86.220717,wooded,0.896,0.102,0.002,569
37.329389,-86.220099,wooded,0.932,0.046,0.022,543
37.329391,-86.211441,water,0.004,0.32,0.677,541
37.329391,-86.210822,cleared,0.0,1.0,0.0,729
37.329391,-86.209585,cleared,0.0,1.0,0.0,703
37.329391,-86.208967,cleared,0.0,1.0,0.0,607
37.329392,-86.205875,cleared,0.0,1.0,0.0,608
37.329392,-86.202164,cleared,0.0,1.0,0.0,605
37.329392,-86.201546,cleared,0.0,0.939,0.061,674
37.329393,-86.19969,cleared,0.0,1.0,0.0,424
37.329393,-86.199072,cleared,0.0,1.0,0.0,463
37.329393,-86.197835,cleared,0.0,1.0,0.0,521
37.329393,-86.197216,cleared,0.414,0.586,0.0,498
37.329393,-86.196598,wooded,1.0,0.0,0.0,584
37.329393,-86.19598,wooded,0.924,0.076,0.0,422
37.329393,-86.195361,wooded,0.689,0.311,0.0,412
37.329393,-86.192887,cleared,0.0,1.0,0.0,705
37.329393,-86.192269,cleared,0.0,1.0,0.0,729
37.329393,-86.19165,cleared,0.0,0.796,0.204,588
37.329385,-86.143412,cleared,0.0,1.0,0.0,629
37.329384,-86.140938,cleared,0.0,0.968,0.032,472
37.329383,-86.139083,cleared,0.417,0.583,0.0,513
37.329382,-86.135372,cleared,0.0,1.0,0.0,617
37.329382,-86.134754,cleared,0.0,1.0,0.0,553
37.328894,-86.224428,wooded,1.0,0.0,0.0,557
37.328894,-86.223809,wooded,1.0,0.0,0.0,480
37.328895,-86.221336,wooded,1.0,0.0,0.0,622
37.328895,-86.220717,wooded,1.0,0.0,0.0,586
37.328897,-86.211441,water,0.0,0.493,0.507,651
37.328897,-86.210822,cleared,0.0,1.0,0.0,729
37.328897,-86.209585,cleared,0.0,1.0,0.0,729
37.328898,-86.208967,wooded,0.641,0.359,0.0,565
37.328898,-86.205256,cleared,0.066,0.934,0.0,558
37.328899,-86.201545,cleared,0.0,1.0,0.0,430
37.328899,-86.200927,cleared,0.0,0.619,0.381,454
37.328899,-86.200309,water,0.0,0.314,0.686,456
37.328899,-86.19969,cleared,0.0,0.996,0.004,473
37.328899,-86.199072,cleared,0.0,1.0,0.0,553
37.328899,-86.198453,cleared,0.0,1.0,0.0,514
37.328899,-86.197835,cleared,0.0,1.0,0.0,464
37.328899,-86.197216,cleared,0.0,1.0,0.0,431
37.328899,-86.194743,cleared,0.0,1.0,0.0,513
37.328899,-86.194124,cleared,0.0,1.0,0.0,724
37.328899,-86.193506,cleared,0.0,1.0,0.0,729
37.328899,-86.192887,cleared,0.0,1.0,0.0,729
37.328891,-86.141557,cleared,0.0,0.958,0.042,642
37.32889,-86.140938,cleared,0.0,1.0,0.0,680
37.32889,-86.14032,cleared,0.0,0.988,0.012,574
37.32889,-86.139702,cleared,0.051,0.877,0.072,489
37.328889,-86.136609,cleared,0.0,1.0,0.0,662
37.328888,-86.135372,cleared,0.0,1.0,0.0,622
37.328888,-86.134754,cleared,0.0,1.0,0.0,567
37.328887,-86.134136,cleared,0.0,1.0,0.0,587
37.328398,-86.229375,wooded,1.0,0.0,0.0,420
37.328398,-86.228757,wooded,1.0,0.0,0.0,501
37.328399,-86.228138,wooded,1.0,0.0,0.0,531
37.328401,-86.221954,wooded,1.0,0.0,0.0,598
37.328403,-86.21144,water,0.0,0.451,0.549,656
37.328403,-86.210822,cleared,0.0,1.0,0.0,722
37.328403,-86.210204,cleared,0.0,1.0,0.0,637
37.328404,-86.209585,cleared,0.0,1.0,0.0,602
37.328404,-86.208967,wooded,0.641,0.359,0.0,549
37.328404,-86.208348,wooded,1.0,0.0,0.0,597
37.328404,-86.207111,wooded,0.782,0.218,0.0,593
37.328405,-86.201545,cleared,0.341,0.659,0.0,405
37.328405,-86.198453,cleared,0.0,0.998,0.002,571
37.328405,-86.195979,cleared,0.0,1.0,0.0,729
37.328405,-86.193506,cleared,0.0,1.0,0.0,676
37.328406,-86.19165,wooded,0.56,0.285,0.155,452
37.328398,-86.144031,cleared,0.0,1.0,0.0,657
37.328397,-86.143412,cleared,0.0,1.0,0.0,701
37.328397,-86.142176,cleared,0.0,1.0,0.0,355
37.328397,-86.141557,cleared,0.0,0.937,0.063,571
37.328396,-86.14032,cleared,0.0,1.0,0.0,522
37.328396,-86.139083,cleared,0.0,0.977,0.023,521
37.328395,-86.138465,cleared,0.142,0.808,0.05,543
37.328394,-86.135373,cleared,0.0,1.0,0.0,559
37.328394,-86.134136,cleared,0.0,1.0,0.0,588
37.327905,-86.226283,wooded,0.998,0.0,0.002,491
37.327906,-86.225664,wooded,1.0,0.0,0.0,583
37.327906,-86.225046,wooded,1.0,0.0,0.0,598
37.327906,-86.224427,cleared,0.488,0.512,0.0,475
37.327906,-86.22319,cleared,0.004,0.974,0.023,569
37.327907,-86.221954,wooded,0.93,0.07,0.0,486
37.327907,-86.221335,wooded,1.0,0.0,0.0,472
37.327909,-86.21144,water,0.0,0.461,0.539,568
37.327909,-86.210822,cleared,0.0,0.978,0.022,716
37.32791,-86.210203,cleared,0.0,1.0,0.0,703
37.32791,-86.209585,cleared,0.0,1.0,0.0,597
37.32791,-86.208348,wooded,1.0,0.0,0.0,572
37.327911,-86.204019,cleared,0.0,1.0,0.0,602
37.327911,-86.201545,wooded,0.827,0.173,0.0,428
37.327911,-86.200927,cleared,0.0,0.903,0.097,372
37.327911,-86.200308,cleared,0.0,0.998,0.002,469
37.327904,-86.144031,cleared,0.0,1.0,0.0,627
37.327904,-86.143413,cleared,0.026,0.974,0.0,699
37.327903,-86.142794,cleared,0.0,1.0,0.0,490
37.327903,-86.142176,cleared,0.0,0.954,0.046,367
37.327902,-86.139084,cleared,0.0,1.0,0.0,535
37.327901,-86.137847,cleared,0.0,0.943,0.057,631
37.327901,-86.137228,cleared,0.366,0.545,0.089,483
37.327901,-86.135992,cleared,0.0,1.0,0.0,624
37.3279,-86.134755,cleared,0.0,1.0,0.0,572
37.327412,-86.226282,wooded,1.0,0.0,0.0,513
37.327412,-86.224427,wooded,1.0,0.0,0.0,503
37.327412,-86.223809,cleared,0.109,0.891,0.0,238
37.327413,-86.222572,cleared,0.0,0.932,0.068,547
37.327415,-86.21144,cleared,0.178,0.572,0.25,488
37.327416,-86.210822,cleared,0.0,0.774,0.226,680
37.327416,-86.210203,cleared,0.0,1.0,0.0,729
37.327416,-86.208966,cleared,0.264,0.736,0.0,624
37.327416,-86.208348,wooded,1.0,0.0,0.0,718
37.327416,-86.207729,wooded,1.0,0.0,0.0,697
37.327416,-86.207111,wooded,1.0,0.0,0.0,567
37.327417,-86.19969,cleared,0.0,1.0,0.0,510
37.327409,-86.142176,cleared,0.0,0.908,0.092,617
37.327409,-86.140939,cleared,0.0,0.98,0.02,542
37.327408,-86.139084,cleared,0.0,1.0,0.0,683
37.327407,-86.137229,cleared,0.0,1.0,0.0,680
37.327407,-86.13661,cleared,0.318,0.642,0.04,522
37.327406,-86.134137,cleared,0.0,1.0,0.0,609
37.326919,-86.221953,cleared,0.138,0.793,0.068,484
37.326922,-86.210821,cleared,0.0,0.54,0.46,596
37.326922,-86.210203,cleared,0.0,1.0,0.0,729
37.326922,-86.209585,cleared,0.0,1.0,0.0,645
37.326922,-86.208966,cleared,0.034,0.966,0.0,696
37.326922,-86.208348,wooded,0.978,0.022,0.0,644
37.326923,-86.200927,cleared,0.459,0.516,0.025,314
37.326916,-86.143413,cleared,0.0,0.933,0.067,608
37.326916,-86.142795,cleared,0.0,0.923,0.077,638
37.326915,-86.14094,cleared,0.0,1.0,0.0,664
37.326915,-86.140321,cleared,0.0,0.791,0.209,502
37.326913,-86.137229,cleared,0.009,0.984,0.007,449
37.326913,-86.136611,cleared,0.05,0.931,0.02,564
37.326913,-86.135992,cleared,0.342,0.64,0.019,483
37.326912,-86.134755,cleared,0.0,1.0,0.0,406
37.326912,-86.133519,cleared,0.357,0.541,0.101,207
37.326426,-86.217006,wooded,1.0,0.0,0.0,520
37.326428,-86.210821,water,0.114,0.352,0.533,542
37.326428,-86.210203,cleared,0.0,0.993,0.007,721
37.326428,-86.209584,cleared,0.0,1.0,0.0,591
37.326428,-86.208348,wooded,0.765,0.235,0.0,634
37.326429,-86.200308,cleared,0.207,0.791,0.002,503
37.326422,-86.14465,cleared,0.357,0.643,0.0,482
37.326422,-86.144032,cleared,0.0,0.923,0.077,572
37.326422,-86.143414,cleared,0.0,1.0,0.0,720
37.326421,-86.142177,cleared,0.0,1.0,0.0,608
37.326421,-86.141558,cleared,0.0,1.0,0.0,724
37.32642,-86.139085,cleared,0.0,1.0,0.0,727
37.326419,-86.135374,cleared,0.193,0.751,0.056,570
37.326418,-86.134756,cleared,0.0,0.998,0.002,459
37.325932,-86.220097,cleared,0.298,0.702,0.0,439
37.325932,-86.217624,water,0.262,0.206,0.532,432
37.325933,-86.217005,cleared,0.485,0.485,0.03,528
37.325933,-86.216387,wooded,0.826,0.174,0.0,575
37.325933,-86.215768,wooded,1.0,0.0,0.0,609
37.325934,-86.210821,wooded,0.493,0.125,0.382,537
37.325934,-86.210203,cleared,0.0,0.83,0.17,663
37.325934,-86.209584,cleared,0.0,1.0,0.0,636
37.325934,-86.208348,wooded,0.777,0.223,0.0,582
37.325936,-86.200308,wooded,0.72,0.28,0.0,386
37.325936,-86.19969,wooded,0.773,0.222,0.005,383
37.325929,-86.145269,cleared,0.337,0.632,0.031,576
37.325927,-86.139703,cleared,0.0,1.0,0.0,597
37.325926,-86.139085,cleared,0.0,1.0,0.0,653
37.325926,-86.137848,cleared,0.0,1.0,0.0,621
37.325924,-86.134138,cleared,0.0,0.908,0.092,294
37.325924,-86.133519,cleared,0.0,1.0,0.0,407
37.325438,-86.220716,cleared,0.011,0.947,0.042,567
37.325438,-86.219479,water,0.016,0.189,0.795,571
37.325438,-86.21886,cleared,0.0,0.882,0.118,670
37.325438,-86.218242,cleared,0.0,1.0,0.0,677
37.325439,-86.217624,cleared,0.0,0.928,0.072,649
37.325439,-86.217005,water,0.0,0.253,0.747,570
37.325439,-86.216387,cleared,0.007,0.98,0.013,602
37.325439,-86.215768,cleared,0.266,0.734,0.0,602
37.325439,-86.214531,wooded,0.982,0.018,0.0,563
37.32544,-86.213295,wooded,1.0,0.0,0.0,657
37.32544,-86.212676,wooded,1.0,0.0,0.0,449
37.32544,-86.209584,cleared,0.359,0.641,0.0,621
37.325441,-86.208347,wooded,0.905,0.095,0.0,671
37.325435,-86.145269,wooded,0.914,0.086,0.0,596
37.325435,-86.144651,cleared,0.004,0.996,0.0,714
37.325434,-86.144033,cleared,0.0,1.0,0.0,591
37.325434,-86.143414,cleared,0.0,1.0,0.0,481
37.325434,-86.142177,cleared,0.097,0.903,0.0,557
37.325434,-86.141559,cleared,0.0,1.0,0.0,729
37.325433,-86.140322,cleared,0.0,1.0,0.0,693
37.325433,-86.139704,cleared,0.0,1.0,0.0,722
37.325433,-86.139085,cleared,0.0,1.0,0.0,696
37.325431,-86.134756,wooded,0.66,0.34,0.0,391
37.32543,-86.134138,cleared,0.0,0.95,0.05,522
37.32543,-86.13352,cleared,0.002,0.998,0.0,457
37.325429,-86.131664,cleared,0.0,1.0,0.0,559
37.325429,-86.130428,cleared,0.0,1.0,0.0,619
37.324944,-86.221334,wooded,1.0,0.0,0.0,589
37.324944,-86.220097,water,0.003,0.253,0.744,628
37.324944,-86.219479,cleared,0.0,0.954,0.046,695
37.324945,-86.218242,cleared,0.0,1.0,0.0,662
37.324945,-86.217623,cleared,0.367,0.633,0.0,556
37.324945,-86.217005,water,0.092,0.393,0.515,511
37.324945,-86.216387,cleared,0.0,0.565,0.435,550
37.324945,-86.215768,cleared,0.0,1.0,0.0,691
37.324945,-86.21515,cleared,0.0,1.0,0.0,605
37.324946,-86.213913,wooded,0.761,0.239,0.0,522
37.324946,-86.213294,wooded,0.68,0.32,0.0,512
37.324946,-86.212676,wooded,0.956,0.044,0.0,613
37.324947,-86.209584,wooded,0.741,0.253,0.006,671
37.324941,-86.14527,wooded,1.0,0.0,0.0,634
37.324941,-86.144651,cleared,0.11,0.89,0.0,600
37.324941,-86.144033,cleared,0.0,1.0,0.0,605
37.324939,-86.140941,cleared,0.0,1.0,0.0,695
37.324939,-86.140322,cleared,0.0,1.0,0.0,729
37.324937,-86.135375,cleared,0.297,0.703,0.0,283
37.324937,-86.134757,cleared,0.197,0.803,0.0,487
37.324936,-86.13352,cleared,0.0,1.0,0.0,560
37.324936,-86.132902,cleared,0.0,1.0,0.0,720
37.324934,-86.129191,cleared,0.022,0.858,0.12,409
37.32445,-86.220097,water,0.085,0.101,0.813,503
37.32445,-86.219478,cleared,0.001,0.954,0.044,699
37.324451,-86.21886,cleared,0.0,1.0,0.0,618
37.324451,-86.218242,cleared,0.0,1.0,0.0,729
37.324451,-86.217623,cleared,0.165,0.835,0.0,565
37.324451,-86.216386,water,0.0,0.346,0.654,599
37.324451,-86.21515,cleared,0.0,1.0,0.0,568
37.324452,-86.214531,cleared,0.0,1.0,0.0,686
37.324452,-86.213913,cleared,0.0,1.0,0.0,604
37.324452,-86.212676,cleared,0.022,0.978,0.0,680
37.324452,-86.212058,cleared,0.432,0.568,0.0,627
37.324452,-86.210821,cleared,0.065,0.935,0.0,429
37.324453,-86.210202,cleared,0.013,0.557,0.43,449
37.324453,-86.209584,cleared,0.134,0.602,0.264,644
37.324454,-86.200926,wooded,1.0,0.0,0.0,559
37.324447,-86.14527,wooded,0.943,0.057,0.0,599
37.324447,-86.144652,cleared,0.005,0.995,0.0,553
37.324447,-86.144033,cleared,0.0,0.998,0.002,486
37.324446,-86.142796,cleared,0.0,1.0,0.0,700
37.324446,-86.142178,cleared,0.0,1.0,0.0,668
37.324446,-86.14156,cleared,0.0,1.0,0.0,689
37.324446,-86.140941,cleared,0.0,1.0,0.0,729
37.324445,-86.140323,cleared,0.0,1.0,0.0,729
37.324445,-86.139086,cleared,0.0,1.0,0.0,365
37.324444,-86.135994,cleared,0.193,0.669,0.139,353
37.324443,-86.135376,wooded,0.568,0.309,0.124,421
37.324441,-86.12981,cleared,0.0,1.0,0.0,721
37.32444,-86.129192,cleared,0.0,0.95,0.05,422
37.32444,-86.128573,cleared,0.124,0.837,0.039,558
37.32444,-86.127955,wooded,0.955,0.045,0.0,463
37.323957,-86.219478,water,0.062,0.274,0.664,599
37.323957,-86.218241,cleared,0.0,1.0,0.0,729
37.323957,-86.217623,cleared,0.456,0.544,0.0,678
37.323957,-86.217005,wooded,1.0,0.0,0.0,678
37.323957,-86.215768,cleared,0.0,0.62,0.38,615
37.323958,-86.215149,cleared,0.0,1.0,0.0,620
37.323958,-86.213294,cleared,0.0,1.0,0.0,621
37.323958,-86.212676,cleared,0.0,1.0,0.0,644
37.323959,-86.209584,water,0.0,0.365,0.635,617
37.323959,-86.208965,wooded,0.68,0.32,0.0,621
37.323959,-86.208347,wooded,1.0,0.0,0.0,538
37.32396,-86.200308,cleared,0.147,0.853,0.0,532
37.32396,-86.199689,cleared,0.421,0.579,0.0,392
37.323953,-86.14527,wooded,0.797,0.203,0.0,665
37.323953,-86.144652,cleared,0.0,1.0,0.0,661
37.323953,-86.144033,cleared,0.0,1.0,0.0,653
37.323953,-86.143415,cleared,0.0,1.0,0.0,729
37.323952,-86.142797,cleared,0.0,1.0,0.0,681
37.323952,-86.14156,cleared,0.0,1.0,0.0,693
37.323951,-86.139086,cleared,0.0,0.957,0.043,605
37.323951,-86.138468,cleared,0.0,0.977,0.023,519
37.32395,-86.137849,cleared,0.32,0.67,0.01,409
37.323949,-86.133521,wooded,0.961,0.029,0.01,310
37.323948,-86.132902,wooded,0.879,0.121,0.0,365
37.323947,-86.131047,wooded,0.81,0.182,0.009,336
37.323946,-86.129192,cleared,0.076,0.924,0.0,554
37.323463,-86.21886,water,0.0,0.489,0.511,544
37.323463,-86.218241,cleared,0.0,1.0,0.0,594
37.323463,-86.217623,cleared,0.4,0.6,0.0,600
37.323463,-86.217004,wooded,1.0,0.0,0.0,663
37.323463,-86.216386,wooded,0.963,0.037,0.0,547
37.323464,-86.215768,water,0.009,0.318,0.672,531
37.323464,-86.215149,cleared,0.0,0.982,0.018,611
37.323464,-86.214531,cleared,0.0,1.0,0.0,623
37.323464,-86.213912,cleared,0.0,1.0,0.0,729
37.323464,-86.213294,cleared,0.0,1.0,0.0,710
37.323465,-86.210202,wooded,0.562,0.438,0.0,445
37.323465,-86.209584,water,0.007,0.45,0.543,571
37.323465,-86.208965,wooded,0.665,0.304,0.031,648
37.323466,-86.200308,cleared,0.393,0.607,0.0,596
37.323466,-86.199689,cleared,0.0,1.0,0.0,631
37.323459,-86.145271,wooded,0.705,0.295,0.0,667
37.323459,-86.144652,cleared,0.081,0.919,0.0,703
37.323459,-86.143415,cleared,0.0,1.0,0.0,729
37.323458,-86.142179,cleared,0.0,1.0,0.0,729
37.323458,-86.14156,cleared,0.005,0.995,0.0,606
37.323458,-86.140323,wooded,0.998,0.0,0.002,422
37.323457,-86.139705,wooded,0.627,0.373,0.0,654
37.323457,-86.138468,cleared,0.0,1.0,0.0,606
37.323457,-86.13785,cleared,0.0,1.0,0.0,709
37.323456,-86.137231,cleared,0.0,1.0,0.0,601
37.323456,-86.135376,cleared,0.0,1.0,0.0,729
37.323454,-86.132903,cleared,0.0,1.0,0.0,658
37.323454,-86.132284,cleared,0.0,1.0,0.0,623
37.323454,-86.131666,cleared,0.0,1.0,0.0,710
37.323454,-86.131047,cleared,0.0,1.0,0.0,621
37.323453,-86.129811,cleared,0.471,0.527,0.002,531
37.322969,-86.219478,wooded,0.932,0.048,0.02,547
37.322969,-86.218859,water,0.044,0.191,0.766,551
37.322969,-86.218241,cleared,0.0,0.821,0.179,503
37.322969,-86.217623,cleared,0.063,0.937,0.0,671
37.322969,-86.217004,wooded,1.0,0.0,0.0,707
37.32297,-86.216386,wooded,1.0,0.0,0.0,627
37.32297,-86.214531,cleared,0.0,1.0,0.0,625
37.32297,-86.213912,cleared,0.0,1.0,0.0,729
37.32297,-86.213294,cleared,0.0,1.0,0.0,729
37.32297,-86.212675,cleared,0.0,1.0,0.0,633
37.322971,-86.212057,cleared,0.0,1.0,0.0,574
37.322971,-86.211439,cleared,0.0,1.0,0.0,586
37.322971,-86.210202,cleared,0.0,1.0,0.0,622
37.322971,-86.209583,cleared,0.0,0.594,0.406,640
37.322971,-86.208965,wooded,0.542,0.416,0.042,644
37.322972,-86.200308,wooded,0.929,0.071,0.0,637
37.322973,-86.199689,cleared,0.027,0.973,0.0,678
37.322973,-86.198452,cleared,0.153,0.847,0.0,366
37.322966,-86.145271,wooded,0.557,0.443,0.0,571
37.322965,-86.144652,wooded,0.785,0.215,0.0,662
37.322965,-86.144034,cleared,0.001,0.999,0.0,684
37.322965,-86.142797,cleared,0.0,1.0,0.0,674
37.322964,-86.140942,wooded,1.0,0.0,0.0,578
37.322964,-86.140324,wooded,1.0,0.0,0.0,630
37.322963,-86.139705,wooded,0.869,0.131,0.0,521
37.322963,-86.139087,cleared,0.0,1.0,0.0,473
37.322962,-86.136613,cleared,0.0,1.0,0.0,706
37.322962,-86.135995,cleared,0.0,1.0,0.0,603
37.322961,-86.133521,cleared,0.0,1.0,0.0,667
37.322961,-86.132903,cleared,0.0,1.0,0.0,652
37.32296,-86.132285,cleared,0.0,1.0,0.0,596
37.32296,-86.131666,cleared,0.0,1.0,0.0,496
37.322959,-86.130429,cleared,0.0,1.0,0.0,643
37.322959,-86.129811,cleared,0.0,1.0,0.0,539
37.322462,-86.251015,cleared,0.0,1.0,0.0,729
37.322475,-86.218241,water,0.0,0.294,0.706,616
37.322475,-86.217622,cleared,0.0,1.0,0.0,547
37.322476,-86.217004,wooded,0.727,0.273,0.0,640
37.322476,-86.21453,cleared,0.0,0.734,0.266,583
37.322476,-86.213912,cleared,0.0,1.0,0.0,555
37.322477,-86.212675,cleared,0.0,1.0,0.0,729
37.322477,-86.212057,cleared,0.0,1.0,0.0,729
37.322477,-86.211438,cleared,0.0,1.0,0.0,729
37.322477,-86.21082,cleared,0.0,1.0,0.0,729
37.322477,-86.210202,cleared,0.0,1.0,0.0,622
37.322477,-86.209583,cleared,0.0,0.527,0.473,640
37.322477,-86.208965,wooded,0.559,0.441,0.0,651
37.322479,-86.199689,cleared,0.425,0.541,0.034,499
37.322479,-86.199071,cleared,0.0,0.981,0.019,675
37.322479,-86.197834,cleared,0.366,0.634,0.0,404
37.322472,-86.144653,wooded,1.0,0.0,0.0,729
37.322471,-86.144034,cleared,0.333,0.667,0.0,681
37.32247,-86.141561,wooded,1.0,0.0,0.0,574
37.322468,-86.136614,cleared,0.0,1.0,0.0,727
37.322467,-86.133522,cleared,0.0,1.0,0.0,621
37.322466,-86.132285,cleared,0.0,1.0,0.0,727
37.322466,-86.131667,cleared,0.0,1.0,0.0,725
37.322466,-86.131048,cleared,0.0,1.0,0.0,615
37.322465,-86.129811,cleared,0.003,0.997,0.0,626
37.321969,-86.250396,cleared,0.0,1.0,0.0,729
37.321969,-86.24916,wooded,0.856,0.144,0.0,506
37.321982,-86.217622,cleared,0.0,0.708,0.292,658
37.321982,-86.21453,water,0.053,0.407,0.54,474
37.321982,-86.213912,cleared,0.0,0.728,0.272,577
37.321983,-86.213293,cleared,0.0,1.0,0.0,636
37.321983,-86.212675,cleared,0.0,1.0,0.0,729
37.321983,-86.212057,cleared,0.0,1.0,0.0,729
37.321983,-86.21082,cleared,0.0,1.0,0.0,727
37.321983,-86.209583,water,0.07,0.339,0.591,614
37.321985,-86.198452,cleared,0.0,0.931,0.069,538
37.321985,-86.197834,cleared,0.0,0.941,0.059,614
37.321985,-86.197216,wooded,0.43,0.364,0.206,316
37.321978,-86.144653,wooded,1.0,0.0,0.0,674
37.321977,-86.144035,wooded,0.994,0.006,0.0,716
37.321977,-86.143416,wooded,0.967,0.033,0.0,609
37.321977,-86.141561,wooded,1.0,0.0,0.0,591
37.321976,-86.139706,wooded,1.0,0.0,0.0,668
37.321975,-86.137851,cleared,0.0,1.0,0.0,667
37.321975,-86.137232,cleared,0.0,1.0,0.0,728
37.321974,-86.136614,cleared,0.0,1.0,0.0,727
37.321973,-86.13414,cleared,0.0,0.936,0.064,404
37.321972,-86.131667,cleared,0.0,1.0,0.0,729
37.321972,-86.131049,cleared,0.0,1.0,0.0,641
37.321476,-86.248541,cleared,0.07,0.871,0.06,502
37.321488,-86.217622,water,0.0,0.268,0.732,571
37.321488,-86.217004,cleared,0.0,0.997,0.003,676
37.321489,-86.213912,cleared,0.153,0.499,0.349,439
37.321489,-86.213293,water,0.0,0.366,0.634,593
37.321489,-86.212675,cleared,0.0,0.611,0.389,553
37.321489,-86.211438,cleared,0.0,0.679,0.321,526
37.321489,-86.210201,water,0.155,0.163,0.682,607
37.321491,-86.199071,cleared,0.046,0.954,0.0,624
37.321491,-86.198452,cleared,0.0,1.0,0.0,625
37.321491,-86.197834,cleared,0.0,1.0,0.0,601
37.321491,-86.197215,cleared,0.0,0.981,0.019,429
37.321491,-86.195979,cleared,0.306,0.694,0.0,421
37.321481,-86.137851,cleared,0.0,1.0,0.0,617
37.321481,-86.137233,cleared,0.0,1.0,0.0,720
37.321481,-86.136614,cleared,0.0,1.0,0.0,724
37.32148,-86.135996,cleared,0.0,1.0,0.0,729
37.32148,-86.135378,cleared,0.0,1.0,0.0,704
37.32148,-86.134141,cleared,0.0,0.977,0.023,533
37.321478,-86.130431,cleared,0.0,1.0,0.0,296
37.320982,-86.248541,cleared,0.239,0.761,0.0,469
37.320982,-86.247922,wooded,1.0,0.0,0.0,540
37.320983,-86.247304,wooded,1.0,0.0,0.0,587
37.320994,-86.218859,cleared,0.379,0.621,0.0,478
37.320994,-86.217622,cleared,0.0,0.677,0.323,473
37.320994,-86.217003,cleared,0.0,0.695,0.305,636
37.320995,-86.212056,water,0.239,0.299,0.461,531
37.320995,-86.211438,wooded,0.391,0.274,0.335,537
37.320997,-86.196597,cleared,0.0,0.956,0.044,587
37.320997,-86.19536,cleared,0.015,0.985,0.0,463
37.320986,-86.135378,cleared,0.0,1.0,0.0,635
37.320986,-86.13476,cleared,0.0,1.0,0.0,448
37.320985,-86.133523,cleared,0.0,0.897,0.103,427
37.320985,-86.132904,cleared,0.0,1.0,0.0,623
37.320985,-86.131668,cleared,0.0,1.0,0.0,604
37.320984,-86.131049,cleared,0.0,1.0,0.0,614
37.320499,-86.220095,cleared,0.125,0.875,0.0,457
37.3205,-86.219477,cleared,0.066,0.934,0.0,499
37.3205,-86.21824,cleared,0.0,1.0,0.0,676
37.3205,-86.217622,cleared,0.0,0.989,0.011,611
37.3205,-86.216385,wooded,0.978,0.022,0.0,415
37.320504,-86.196597,cleared,0.0,0.921,0.079,305
37.320504,-86.195979,cleared,0.0,1.0,0.0,422
37.320504,-86.194123,cleared,0.0,1.0,0.0,412
37.320504,-86.193505,cleared,0.212,0.788,0.0,510
37.320504,-86.192887,wooded,0.603,0.397,0.0,539
37.320493,-86.135997,cleared,0.0,1.0,0.0,493
37.320492,-86.135378,cleared,0.0,1.0,0.0,420
37.320492,-86.134142,cleared,0.0,1.0,0.0,436
37.320492,-86.133523,cleared,0.0,0.901,0.099,403
37.320491,-86.131668,cleared,0.0,1.0,0.0,729
37.32049,-86.13105,cleared,0.0,1.0,0.0,676
37.32049,-86.130431,cleared,0.0,1.0,0.0,571
37.32049,-86.129813,cleared,0.0,1.0,0.0,525
37.320489,-86.128576,cleared,0.0,1.0,0.0,600
37.319995,-86.247921,cleared,0.0,0.996,0.004,508
37.320006,-86.220095,cleared,0.0,1.0,0.0,573
37.320006,-86.219476,cleared,0.0,1.0,0.0,600
37.320006,-86.21824,cleared,0.0,1.0,0.0,667
37.320006,-86.217621,cleared,0.0,0.997,0.003,572
37.320006,-86.217003,water,0.285,0.122,0.593,558
37.32001,-86.197834,cleared,0.0,1.0,0.0,489
37.32001,-86.196597,cleared,0.0,0.872,0.128,352
37.32001,-86.19536,cleared,0.0,1.0,0.0,542
37.32001,-86.193505,cleared,0.0,0.974,0.026,389
37.32001,-86.192887,cleared,0.0,1.0,0.0,595
37.32001,-86.192268,cleared,0.066,0.934,0.0,684
37.319996,-86.130432,cleared,0.0,1.0,0.0,728
37.319996,-86.129813,cleared,0.0,1.0,0.0,729
37.319996,-86.129195,cleared,0.0,1.0,0.0,692
37.319511,-86.220713,cleared,0.265,0.735,0.0,509
37.319512,-86.220095,cleared,0.0,1.0,0.0,653
37.319512,-86.21824,cleared,0.0,0.89,0.11,600
37.319512,-86.217621,water,0.097,0.324,0.58,578
37.319516,-86.195978,cleared,0.0,1.0,0.0,656
37.319516,-86.19536,cleared,0.0,1.0,0.0,729
37.319516,-86.194742,cleared,0.131,0.869,0.0,688
37.319516,-86.194123,cleared,0.375,0.625,0.0,558
37.319516,-86.192887,cleared,0.0,0.961,0.039,412
37.319516,-86.192268,cleared,0.0,1.0,0.0,568
37.319516,-86.19165,cleared,0.096,0.904,0.0,436
37.319516,-86.191032,cleared,0.348,0.652,0.0,514
37.319516,-86.190413,cleared,0.291,0.709,0.0,546
37.319504,-86.134142,cleared,0.0,0.979,0.021,617
37.319503,-86.132287,cleared,0.0,1.0,0.0,612
37.319503,-86.131669,cleared,0.0,1.0,0.0,729
37.319503,-86.13105,cleared,0.0,1.0,0.0,729
37.319018,-86.220094,cleared,0.0,1.0,0.0,556
37.319018,-86.218858,cleared,0.006,0.782,0.212,669
37.319018,-86.218239,wooded,0.467,0.099,0.434,557
37.319022,-86.196597,cleared,0.0,0.997,0.003,615
37.319022,-86.195978,cleared,0.0,1.0,0.0,729
37.319022,-86.19536,cleared,0.304,0.696,0.0,655
37.319022,-86.192268,cleared,0.0,0.937,0.063,395
37.319022,-86.190413,cleared,0.0,1.0,0.0,545
37.319022,-86.189795,wooded,0.527,0.473,0.0,455
37.318524,-86.220094,cleared,0.0,1.0,0.0,366
37.318524,-86.219476,cleared,0.012,0.535,0.452,484
37.318524,-86.218857,wooded,0.634,0.019,0.347,568
37.318528,-86.197215,cleared,0.0,0.941,0.059,547
37.318528,-86.196597,cleared,0.0,1.0,0.0,686
37.318528,-86.191032,cleared,0.0,0.913,0.087,369
37.318517,-86.134761,cleared,0.0,0.929,0.071,365
37.318516,-86.134143,cleared,0.156,0.844,0.0,553
37.318516,-86.132288,cleared,0.0,1.0,0.0,540
37.31803,-86.221331,cleared,0.285,0.715,0.0,411
37.31803,-86.220712,cleared,0.0,0.972,0.028,463
37.31803,-86.220094,water,0.069,0.37,0.56,505
37.318035,-86.189795,cleared,0.0,1.0,0.0,660
37.318035,-86.189176,cleared,0.0,1.0,0.0,557
37.318035,-86.188558,cleared,0.004,0.958,0.038,480
37.318035,-86.18794,cleared,0.0,0.946,0.054,606
37.318035,-86.187321,cleared,0.0,0.982,0.018,449
37.318023,-86.134762,cleared,0.0,0.941,0.059,424
37.318023,-86.134143,wooded,0.993,0.007,0.0,549
37.317526,-86.246064,wooded,0.93,0.06,0.01,486
37.317535,-86.225041,wooded,1.0,0.0,0.0,701
37.317536,-86.22133,cleared,0.0,0.941,0.059,459
37.317536,-86.220712,water,0.156,0.329,0.514,595
37.317536,-86.219475,wooded,0.515,0.485,0.0,472
37.317537,-86.218857,cleared,0.005,0.995,0.0,631
37.317537,-86.21762,wooded,0.996,0.004,0.0,477
37.317537,-86.216384,cleared,0.021,0.979,0.0,615
37.317529,-86.134144,wooded,0.567,0.433,0.0,367
37.317032,-86.246064,wooded,0.621,0.252,0.127,441
37.317033,-86.245446,wooded,0.635,0.365,0.0,539
37.317033,-86.244827,wooded,0.84,0.16,0.0,482
37.317033,-86.244209,wooded,1.0,0.0,0.0,475
37.317034,-86.241736,wooded,1.0,0.0,0.0,599
37.31704,-86.226895,wooded,1.0,0.0,0.0,501
37.317041,-86.22504,wooded,1.0,0.0,0.0,686
37.317041,-86.224422,wooded,1.0,0.0,0.0,577
37.317042,-86.221949,cleared,0.008,0.975,0.017,516
37.317042,-86.22133,water,0.159,0.148,0.693,541
37.317042,-86.220094,wooded,0.732,0.268,0.0,555
37.317043,-86.219475,cleared,0.0,1.0,0.0,723
37.317043,-86.21762,cleared,0.0,1.0,0.0,595
37.317043,-86.217002,cleared,0.0,0.934,0.066,593
37.317043,-86.216384,water,0.0,0.433,0.567,469
37.317044,-86.215147,cleared,0.0,0.964,0.036,578
37.317044,-86.214528,cleared,0.002,0.998,0.0,621
37.317044,-86.21391,cleared,0.0,1.0,0.0,608
37.317035,-86.134762,cleared,0.0,0.945,0.055,326
37.316538,-86.246064,cleared,0.386,0.597,0.017,531
37.316539,-86.245445,cleared,0.0,0.995,0.005,583
37.31654,-86.24359,wooded,1.0,0.0,0.0,649
37.316541,-86.241117,wooded,1.0,0.0,0.0,527
37.316543,-86.23617,wooded,1.0,0.0,0.0,419
37.316546,-86.228132,wooded,1.0,0.0,0.0,474
37.316547,-86.226277,cleared,0.367,0.471,0.163,412
37.316547,-86.225658,wooded,0.851,0.107,0.042,522
37.316547,-86.22504,wooded,1.0,0.0,0.0,645
37.316547,-86.224422,wooded,1.0,0.0,0.0,715
37.316548,-86.221948,cleared,0.047,0.507,0.446,615
37.316548,-86.22133,wooded,0.642,0.211,0.147,536
37.316548,-86.220712,cleared,0.493,0.507,0.0,584
37.316549,-86.218238,cleared,0.0,1.0,0.0,693
37.316549,-86.217002,water,0.0,0.231,0.769,433
37.31655,-86.214528,cleared,0.036,0.964,0.0,529
37.31655,-86.21391,cleared,0.0,1.0,0.0,585
37.31655,-86.213292,cleared,0.0,0.996,0.004,566
37.31655,-86.212673,water,0.222,0.064,0.714,482
37.316553,-86.197833,cleared,0.145,0.847,0.008,510
37.316541,-86.134763,cleared,0.274,0.726,0.0,449
37.316044,-86.247918,wooded,0.982,0.018,0.0,276
37.316045,-86.246063,cleared,0.0,1.0,0.0,729
37.316045,-86.245445,cleared,0.002,0.919,0.079,581
37.316045,-86.244827,cleared,0.003,0.963,0.034,678
37.316046,-86.244208,cleared,0.172,0.828,0.0,577
37.316046,-86.24359,wooded,0.833,0.167,0.0,449
37.316047,-86.241735,wooded,1.0,0.0,0.0,407
37.316053,-86.226276,cleared,0.182,0.818,0.0,456
37.316053,-86.22504,wooded,0.852,0.14,0.009,351
37.316053,-86.224421,wooded,1.0,0.0,0.0,717
37.316054,-86.22133,cleared,0.16,0.84,0.0,551
37.316054,-86.220711,cleared,0.0,1.0,0.0,729
37.316055,-86.220093,cleared,0.0,1.0,0.0,729
37.316055,-86.219475,cleared,0.0,1.0,0.0,693
37.316055,-86.218856,cleared,0.0,1.0,0.0,631
37.316056,-86.215765,cleared,0.0,1.0,0.0,571
37.316056,-86.215146,cleared,0.007,0.993,0.0,559
37.316056,-86.21391,cleared,0.0,1.0,0.0,601
37.316047,-86.134763,wooded,0.769,0.229,0.003,389
37.316047,-86.134145,wooded,0.998,0.002,0.0,478
37.315551,-86.246063,cleared,0.411,0.53,0.059,542
37.315551,-86.245444,wooded,0.789,0.203,0.008,513
37.315551,-86.244826,wooded,0.94,0.036,0.024,633
37.315552,-86.243589,cleared,0.0,1.0,0.0,701
37.315552,-86.242971,cleared,0.094,0.9,0.006,617
37.315553,-86.241734,wooded,1.0,0.0,0.0,512
37.315555,-86.237406,wooded,1.0,0.0,0.0,578
37.315559,-86.225658,wooded,0.593,0.407,0.0,486
37.315559,-86.22504,wooded,0.998,0.002,0.0,456
37.315559,-86.224421,wooded,1.0,0.0,0.0,639
37.31556,-86.223803,wooded,1.0,0.0,0.0,622
37.31556,-86.223185,wooded,1.0,0.0,0.0,628
37.31556,-86.221948,water,0.0,0.295,0.705,468
37.31556,-86.22133,cleared,0.0,1.0,0.0,635
37.315561,-86.219475,cleared,0.0,1.0,0.0,633
37.315562,-86.215146,cleared,0.002,0.998,0.0,582
37.315562,-86.214528,cleared,0.0,1.0,0.0,509
37.315562,-86.21391,cleared,0.0,1.0,0.0,612
37.315565,-86.18052,cleared,0.0,0.945,0.055,506
37.315061,-86.236788,wooded,1.0,0.0,0.0,601
37.315066,-86.223803,wooded,1.0,0.0,0.0,695
37.315067,-86.221329,water,0.0,0.422,0.578,436
37.315067,-86.220711,cleared,0.0,0.95,0.05,578
37.315067,-86.220093,cleared,0.0,0.997,0.003,723
37.315067,-86.219474,cleared,0.0,0.926,0.074,598
37.315068,-86.214528,cleared,0.0,1.0,0.0,647
37.315069,-86.213291,cleared,0.0,0.837,0.163,466
37.314561,-86.25039,cleared,0.0,1.0,0.0,516
37.314564,-86.243589,wooded,0.752,0.248,0.0,427
37.314565,-86.24297,cleared,0.177,0.73,0.093,407
37.314565,-86.242352,cleared,0.385,0.615,0.0,650
37.314565,-86.241734,wooded,1.0,0.0,0.0,481
37.314568,-86.236169,wooded,1.0,0.0,0.0,485
37.314568,-86.235551,wooded,1.0,0.0,0.0,508
37.314572,-86.224421,wooded,1.0,0.0,0.0,627
37.314572,-86.223184,wooded,1.0,0.0,0.0,581
37.314572,-86.222566,wooded,1.0,0.0,0.0,565
37.314574,-86.214528,cleared,0.0,1.0,0.0,621
37.314575,-86.213909,cleared,0.0,1.0,0.0,628
37.314577,-86.179902,cleared,0.0,0.997,0.003,671
37.314577,-86.177428,cleared,0.11,0.881,0.009,565
37.314566,-86.134764,cleared,0.0,0.973,0.027,446
37.314067,-86.25039,cleared,0.0,1.0,0.0,588
37.314071,-86.242352,wooded,1.0,0.0,0.0,489
37.314071,-86.241733,wooded,1.0,0.0,0.0,585
37.314073,-86.238642,wooded,1.0,0.0,0.0,519
37.314073,-86.238024,wooded,1.0,0.0,0.0,593
37.314073,-86.237405,wooded,1.0,0.0,0.0,571
37.314074,-86.236169,wooded,1.0,0.0,0.0,434
37.314074,-86.23555,wooded,1.0,0.0,0.0,596
37.314078,-86.225039,wooded,1.0,0.0,0.0,529
37.314078,-86.224421,wooded,1.0,0.0,0.0,674
37.314078,-86.223802,wooded,1.0,0.0,0.0,638
37.314078,-86.223184,wooded,1.0,0.0,0.0,643
37.314078,-86.222566,wooded,1.0,0.0,0.0,545
37.314081,-86.213909,cleared,0.0,1.0,0.0,624
37.314083,-86.177428,cleared,0.0,0.992,0.008,708
37.314083,-86.174955,cleared,0.082,0.918,0.0,682
37.313572,-86.252863,cleared,0.0,1.0,0.0,729
37.313572,-86.252244,cleared,0.0,1.0,0.0,729
37.313572,-86.251626,cleared,0.0,1.0,0.0,729
37.313573,-86.251008,cleared,0.0,1.0,0.0,604
37.313573,-86.250389,cleared,0.0,1.0,0.0,584
37.313578,-86.241115,wooded,1.0,0.0,0.0,564
37.313578,-86.240496,wooded,1.0,0.0,0.0,429
37.313578,-86.239878,wooded,1.0,0.0,0.0,508
37.313581,-86.233695,wooded,1.0,0.0,0.0,460
37.313581,-86.232458,wooded,1.0,0.0,0.0,530
37.313584,-86.225039,wooded,1.0,0.0,0.0,527
37.313584,-86.22442,wooded,1.0,0.0,0.0,721
37.313584,-86.223802,wooded,1.0,0.0,0.0,475
37.313587,-86.214527,cleared,0.069,0.931,0.0,506
37.313587,-86.213909,cleared,0.0,1.0,0.0,662
37.313589,-86.1731,cleared,0.0,1.0,0.0,721
37.313578,-86.135383,cleared,0.0,0.962,0.038,555
37.313578,-86.134765,cleared,0.0,0.942,0.058,400
37.313078,-86.253481,cleared,0.0,1.0,0.0,729
37.313079,-86.251007,cleared,0.0,1.0,0.0,552
37.313083,-86.242351,wooded,1.0,0.0,0.0,570
37.313084,-86.239878,wooded,0.997,0.0,0.003,319
37.313085,-86.239259,wooded,1.0,0.0,0.0,357
37.313085,-86.238641,wooded,1.0,0.0,0.0,595
37.313085,-86.237405,cleared,0.492,0.508,0.0,545
37.313086,-86.236786,cleared,0.309,0.691,0.0,622
37.313086,-86.234931,wooded,1.0,0.0,0.0,512
37.313088,-86.23184,wooded,1.0,0.0,0.0,585
37.313088,-86.230603,wooded,1.0,0.0,0.0,509
37.313088,-86.229985,wooded,1.0,0.0,0.0,560
37.313089,-86.228748,wooded,1.0,0.0,0.0,568
37.31309,-86.226275,wooded,1.0,0.0,0.0,535
37.31309,-86.225657,wooded,1.0,0.0,0.0,569
37.31309,-86.225038,wooded,1.0,0.0,0.0,585
37.31309,-86.22442,wooded,1.0,0.0,0.0,656
37.31309,-86.223802,wooded,1.0,0.0,0.0,660
37.313093,-86.213909,cleared,0.0,1.0,0.0,729
37.313093,-86.21329,water,0.0,0.379,0.621,538
37.313095,-86.16939,cleared,0.0,1.0,0.0,622
37.313084,-86.135383,cleared,0.0,1.0,0.0,649
37.313084,-86.134765,cleared,0.0,0.933,0.067,406
37.312589,-86.242351,wooded,1.0,0.0,0.0,627
37.31259,-86.240496,wooded,1.0,0.0,0.0,632
37.312591,-86.239259,wooded,1.0,0.0,0.0,682
37.312591,-86.238641,wooded,1.0,0.0,0.0,580
37.312591,-86.238023,wooded,0.643,0.307,0.05,476
37.312592,-86.237404,cleared,0.0,0.907,0.093,593
37.312592,-86.236786,cleared,0.0,0.958,0.042,620
37.312592,-86.236168,cleared,0.039,0.961,0.0,635
37.312594,-86.231839,cleared,0.257,0.743,0.0,541
37.312594,-86.231221,cleared,0.447,0.553,0.0,552
37.312594,-86.230603,wooded,0.709,0.291,0.0,516
37.312595,-86.228748,cleared,0.38,0.62,0.0,561
37.312595,-86.22813,cleared,0.094,0.906,0.0,534
37.312595,-86.227511,cleared,0.168,0.832,0.0,600
37.312596,-86.226275,wooded,1.0,0.0,0.0,670
37.312596,-86.225038,wooded,1.0,0.0,0.0,704
37.312596,-86.22442,wooded,1.0,0.0,0.0,595
37.312597,-86.223801,wooded,1.0,0.0,0.0,668
37.312597,-86.222565,wooded,1.0,0.0,0.0,624
37.312597,-86.221328,wooded,0.96,0.04,0.0,646
37.312597,-86.22071,wooded,0.993,0.007,0.0,601
37.312599,-86.215145,wooded,0.81,0.19,0.0,490
37.312599,-86.213909,cleared,0.0,0.965,0.035,572
37.312599,-86.21329,water,0.007,0.136,0.857,441
37.312601,-86.169391,cleared,0.0,0.929,0.071,633
37.312591,-86.135384,cleared,0.0,1.0,0.0,729
37.312096,-86.240495,wooded,1.0,0.0,0.0,606
37.312097,-86.239259,wooded,1.0,0.0,0.0,626
37.312097,-86.23864,wooded,1.0,0.0,0.0,632
37.312097,-86.238022,cleared,0.237,0.763,0.0,590
37.312098,-86.237404,cleared,0.0,1.0,0.0,612
37.312098,-86.236786,cleared,0.0,0.981,0.019,669
37.312098,-86.235549,water,0.003,0.174,0.823,368
37.312099,-86.234312,cleared,0.006,0.787,0.207,484
37.312099,-86.233076,cleared,0.0,0.778,0.222,535
37.3121,-86.231221,water,0.0,0.374,0.626,486
37.312101,-86.229984,cleared,0.0,1.0,0.0,677
37.312101,-86.229366,cleared,0.0,1.0,0.0,609
37.312101,-86.228748,cleared,0.0,1.0,0.0,630
37.312101,-86.227511,cleared,0.0,1.0,0.0,607
37.312102,-86.226893,cleared,0.0,1.0,0.0,616
37.312102,-86.226274,cleared,0.008,0.992,0.0,530
37.312102,-86.225656,wooded,0.51,0.49,0.0,490
37.312102,-86.225038,wooded,0.601,0.399,0.0,601
37.312102,-86.22442,wooded,0.703,0.297,0.0,602
37.312103,-86.223801,wooded,0.987,0.013,0.0,606
37.312103,-86.223183,wooded,1.0,0.0,0.0,584
37.312103,-86.222565,wooded,0.958,0.042,0.0,542
37.312103,-86.221946,wooded,0.85,0.15,0.0,667
37.312103,-86.221328,cleared,0.312,0.688,0.0,552
37.312105,-86.214527,wooded,0.7,0.115,0.185,520
37.3121,-86.142185,cleared,0.0,0.99,0.01,600
37.312099,-86.141567,cleared,0.0,0.997,0.003,605
37.312099,-86.140949,cleared,0.0,1.0,0.0,675
37.312099,-86.14033,cleared,0.095,0.905,0.0,651
37.312099,-86.139712,wooded,0.666,0.334,0.0,581
37.312097,-86.135384,cleared,0.087,0.913,0.0,680
37.312096,-86.134766,cleared,0.0,0.998,0.002,641
37.312096,-86.134147,cleared,0.0,0.864,0.136,258
37.311601,-86.242968,wooded,1.0,0.0,0.0,580
37.311602,-86.241732,wooded,1.0,0.0,0.0,714
37.311602,-86.241113,wooded,1.0,0.0,0.0,633
37.311603,-86.239877,wooded,1.0,0.0,0.0,586
37.311603,-86.239258,wooded,1.0,0.0,0.0,534
37.311603,-86.23864,wooded,0.975,0.025,0.0,668
37.311604,-86.238022,cleared,0.011,0.989,0.0,563
37.311604,-86.237404,cleared,0.0,1.0,0.0,650
37.311604,-86.236785,cleared,0.0,1.0,0.0,648
37.311604,-86.236167,water,0.0,0.229,0.771,467
37.311605,-86.235549,cleared,0.0,0.93,0.07,485
37.311605,-86.23493,cleared,0.0,1.0,0.0,596
37.311605,-86.234312,cleared,0.0,1.0,0.0,628
37.311605,-86.233694,cleared,0.0,1.0,0.0,674
37.311606,-86.233075,cleared,0.0,1.0,0.0,621
37.311606,-86.232457,cleared,0.0,1.0,0.0,601
37.311606,-86.231839,cleared,0.0,1.0,0.0,626
37.311607,-86.229984,water,0.0,0.268,0.732,452
37.311607,-86.228747,cleared,0.0,1.0,0.0,690
37.311607,-86.228129,cleared,0.0,1.0,0.0,729
37.311608,-86.227511,cleared,0.0,1.0,0.0,729
37.311608,-86.226892,cleared,0.0,1.0,0.0,729
37.311608,-86.226274,cleared,0.0,1.0,0.0,676
37.311608,-86.225038,cleared,0.0,1.0,0.0,706
37.311609,-86.224419,cleared,0.0,1.0,0.0,729
37.311609,-86.223801,cleared,0.0,1.0,0.0,625
37.311609,-86.223183,cleared,0.0,0.945,0.055,541
37.311609,-86.222564,cleared,0.0,1.0,0.0,717
37.31161,-86.221328,cleared,0.0,1.0,0.0,570
37.31161,-86.22071,cleared,0.0,1.0,0.0,578
37.31161,-86.220091,cleared,0.0,1.0,0.0,635
37.311611,-86.215145,wooded,0.959,0.0,0.041,512
37.311611,-86.213908,cleared,0.0,0.946,0.054,553
37.311606,-86.142186,cleared,0.0,0.993,0.007,718
37.311605,-86.141567,cleared,0.33,0.597,0.073,603
37.311603,-86.135384,cleared,0.039,0.961,0.0,692
37.311603,-86.134766,cleared,0.0,1.0,0.0,729
37.311602,-86.134148,cleared,0.0,0.95,0.05,303
37.311602,-86.13353,cleared,0.0,0.844,0.156,225
37.311108,-86.241113,wooded,1.0,0.0,0.0,588
37.311109,-86.240495,wooded,1.0,0.0,0.0,642
37.31111,-86.238022,cleared,0.111,0.887,0.002,575
37.31111,-86.237403,cleared,0.0,1.0,0.0,677
37.311111,-86.235548,cleared,0.0,1.0,0.0,634
37.311111,-86.23493,cleared,0.0,1.0,0.0,677
37.311111,-86.234312,cleared,0.0,1.0,0.0,512
37.311111,-86.233693,cleared,0.0,1.0,0.0,709
37.311112,-86.233075,cleared,0.0,1.0,0.0,729
37.311112,-86.232457,cleared,0.0,1.0,0.0,729
37.311112,-86.231839,cleared,0.0,1.0,0.0,729
37.311112,-86.23122,cleared,0.156,0.844,0.0,648
37.311113,-86.230602,cleared,0.0,1.0,0.0,638
37.311113,-86.228747,water,0.008,0.266,0.726,485
37.311114,-86.228129,cleared,0.011,0.732,0.258,559
37.311114,-86.227511,cleared,0.0,0.994,0.006,625
37.311114,-86.226892,cleared,0.0,1.0,0.0,701
37.311114,-86.226274,cleared,0.0,1.0,0.0,729
37.311114,-86.225656,cleared,0.0,1.0,0.0,727
37.311115,-86.225037,cleared,0.0,1.0,0.0,618
37.311115,-86.223801,cleared,0.0,1.0,0.0,625
37.311115,-86.223182,cleared,0.0,0.939,0.061,618
37.311115,-86.222564,cleared,0.0,1.0,0.0,629
37.311115,-86.221946,cleared,0.0,1.0,0.0,729
37.311116,-86.221328,cleared,0.0,1.0,0.0,711
37.311116,-86.220709,cleared,0.0,1.0,0.0,511
37.311116,-86.220091,cleared,0.0,1.0,0.0,632
37.311117,-86.215145,water,0.405,0.046,0.549,481
37.311117,-86.214526,cleared,0.0,0.985,0.015,618
37.311118,-86.21329,wooded,1.0,0.0,0.0,360
37.311119,-86.170009,cleared,0.0,1.0,0.0,647
37.311112,-86.142804,cleared,0.265,0.721,0.014,631
37.311112,-86.142186,wooded,0.711,0.224,0.065,588
37.311111,-86.140331,cleared,0.128,0.872,0.0,500
37.311111,-86.139713,cleared,0.116,0.884,0.0,492
37.31111,-86.13724,cleared,0.417,0.481,0.102,412
37.311109,-86.135385,cleared,0.0,0.998,0.002,567
37.311109,-86.134766,cleared,0.0,1.0,0.0,671
37.311108,-86.13353,cleared,0.0,1.0,0.0,721
37.311108,-86.132912,cleared,0.002,0.987,0.011,451
37.310614,-86.241731,wooded,1.0,0.0,0.0,606
37.310615,-86.241113,wooded,1.0,0.0,0.0,542
37.310615,-86.239876,wooded,0.926,0.074,0.0,524
37.310615,-86.239258,cleared,0.105,0.814,0.081,506
37.310616,-86.238639,cleared,0.0,0.957,0.043,695
37.310616,-86.238021,cleared,0.0,0.945,0.055,632
37.310616,-86.237403,cleared,0.0,0.949,0.051,631
37.310617,-86.236166,cleared,0.0,0.727,0.273,484
37.310617,-86.235548,cleared,0.0,1.0,0.0,684
37.310617,-86.234311,cleared,0.0,1.0,0.0,635
37.310618,-86.233693,cleared,0.0,1.0,0.0,729
37.310618,-86.233075,cleared,0.0,1.0,0.0,702
37.310618,-86.231838,cleared,0.0,1.0,0.0,593
37.310619,-86.23122,wooded,0.986,0.014,0.0,579
37.310619,-86.230602,wooded,0.951,0.049,0.0,589
37.310619,-86.229365,wooded,1.0,0.0,0.0,560
37.31062,-86.22751,water,0.0,0.266,0.734,531
37.31062,-86.226892,cleared,0.0,0.75,0.25,543
37.31062,-86.226274,cleared,0.0,1.0,0.0,653
37.310621,-86.225655,cleared,0.0,1.0,0.0,729
37.310621,-86.225037,cleared,0.0,1.0,0.0,729
37.310621,-86.224419,cleared,0.0,1.0,0.0,658
37.310621,-86.223801,cleared,0.0,1.0,0.0,678
37.310621,-86.223182,cleared,0.0,0.949,0.051,650
37.310621,-86.222564,cleared,0.0,1.0,0.0,628
37.310622,-86.221946,cleared,0.0,1.0,0.0,728
37.310622,-86.221327,cleared,0.0,1.0,0.0,729
37.310622,-86.220709,cleared,0.0,1.0,0.0,620
37.310622,-86.220091,cleared,0.0,1.0,0.0,602
37.310622,-86.218854,cleared,0.466,0.534,0.0,459
37.310623,-86.218236,cleared,0.092,0.908,0.0,552
37.310623,-86.217618,cleared,0.255,0.745,0.0,517
37.310623,-86.215763,cleared,0.209,0.733,0.057,559
37.310624,-86.214526,cleared,0.29,0.71,0.0,644
37.310618,-86.143423,wooded,0.777,0.223,0.0,542
37.310618,-86.141568,cleared,0.0,1.0,0.0,581
37.310617,-86.14095,cleared,0.165,0.835,0.0,514
37.310616,-86.13724,cleared,0.0,1.0,0.0,654
37.310616,-86.136622,cleared,0.0,1.0,0.0,413
37.310615,-86.136003,cleared,0.0,0.954,0.046,394
37.310121,-86.240494,wooded,0.744,0.254,0.002,544
37.310121,-86.239257,cleared,0.226,0.759,0.015,477
37.310122,-86.238639,cleared,0.0,1.0,0.0,587
37.310122,-86.237403,cleared,0.0,1.0,0.0,729
37.310123,-86.235548,cleared,0.0,1.0,0.0,558
37.310124,-86.234311,cleared,0.0,1.0,0.0,723
37.310124,-86.233075,cleared,0.311,0.689,0.0,604
37.310124,-86.231838,cleared,0.097,0.903,0.0,351
37.310125,-86.230601,cleared,0.35,0.65,0.0,363
37.310125,-86.229983,cleared,0.112,0.888,0.0,491
37.310125,-86.229365,wooded,1.0,0.0,0.0,561
37.310126,-86.228747,wooded,1.0,0.0,0.0,589
37.310126,-86.228128,wooded,0.996,0.004,0.0,526
37.310127,-86.224419,cleared,0.0,1.0,0.0,680
37.310127,-86.2238,cleared,0.0,1.0,0.0,729
37.310127,-86.223182,cleared,0.0,0.945,0.055,622
37.310128,-86.222564,cleared,0.0,1.0,0.0,694
37.310128,-86.221945,cleared,0.0,1.0,0.0,606
37.310128,-86.221327,cleared,0.0,1.0,0.0,593
37.310128,-86.220709,cleared,0.0,1.0,0.0,710
37.310128,-86.220091,cleared,0.0,1.0,0.0,683
37.310128,-86.219472,cleared,0.0,1.0,0.0,703
37.310129,-86.218854,cleared,0.0,1.0,0.0,707
37.310129,-86.218236,cleared,0.0,1.0,0.0,625
37.310129,-86.217617,cleared,0.0,1.0,0.0,636
37.310129,-86.216999,cleared,0.0,1.0,0.0,727
37.310129,-86.216381,cleared,0.0,1.0,0.0,704
37.31013,-86.215144,cleared,0.185,0.784,0.031,579
37.310125,-86.144041,wooded,0.864,0.136,0.0,580
37.310123,-86.139095,cleared,0.0,1.0,0.0,612
37.310123,-86.138477,cleared,0.0,1.0,0.0,587
37.310122,-86.136622,cleared,0.0,1.0,0.0,712
37.310119,-86.131057,cleared,0.0,0.945,0.055,544
37.310119,-86.130439,cleared,0.088,0.912,0.0,543
37.310119,-86.129821,wooded,0.643,0.357,0.0,510
37.309627,-86.241112,wooded,1.0,0.0,0.0,549
37.309627,-86.240494,wooded,0.982,0.018,0.0,628
37.309628,-86.239257,cleared,0.418,0.582,0.0,517
37.309628,-86.238639,cleared,0.0,1.0,0.0,607
37.309628,-86.237402,cleared,0.0,1.0,0.0,729
37.309629,-86.236784,cleared,0.0,0.803,0.197,604
37.309629,-86.235547,cleared,0.0,1.0,0.0,553
37.309629,-86.234929,cleared,0.0,1.0,0.0,714
37.30963,-86.234311,cleared,0.0,1.0,0.0,729
37.30963,-86.233074,cleared,0.0,1.0,0.0,587
37.30963,-86.232456,cleared,0.376,0.624,0.0,641
37.309632,-86.228128,wooded,1.0,0.0,0.0,611
37.309633,-86.2238,water,0.004,0.213,0.783,474
37.309634,-86.221327,water,0.0,0.493,0.507,430
37.309634,-86.220709,water,0.0,0.411,0.589,491
37.309635,-86.219472,water,0.0,0.28,0.72,535
37.309635,-86.216999,cleared,0.0,0.868,0.132,523
37.309631,-86.14466,wooded,1.0,0.0,0.0,611
37.30963,-86.142187,cleared,0.0,1.0,0.0,499
37.309625,-86.129821,cleared,0.132,0.828,0.04,606
37.309625,-86.129203,cleared,0.117,0.883,0.0,598
37.309132,-86.242966,wooded,0.543,0.404,0.053,416
37.309132,-86.242348,cleared,0.46,0.522,0.018,506
37.309133,-86.24173,wooded,0.929,0.071,0.0,553
37.309133,-86.239875,wooded,0.769,0.231,0.0,493
37.309134,-86.239257,cleared,0.06,0.94,0.0,598
37.309135,-86.237402,cleared,0.33,0.67,0.0,630
37.309135,-86.235547,cleared,0.0,1.0,0.0,608
37.309136,-86.234929,cleared,0.0,1.0,0.0,729
37.309136,-86.234311,cleared,0.0,1.0,0.0,729
37.309136,-86.233692,cleared,0.0,1.0,0.0,622
37.309136,-86.233074,cleared,0.0,1.0,0.0,685
37.309137,-86.232456,cleared,0.0,1.0,0.0,580
37.309139,-86.225655,wooded,1.0,0.0,0.0,445
37.309141,-86.22009,wooded,0.948,0.041,0.011,368
37.30913,-86.128585,cleared,0.0,0.939,0.061,293
37.308638,-86.243584,wooded,0.913,0.082,0.005,427
37.308638,-86.242966,wooded,0.825,0.175,0.0,526
37.30864,-86.23802,wooded,1.0,0.0,0.0,510
37.308641,-86.236783,cleared,0.334,0.64,0.025,356
37.308642,-86.234929,cleared,0.0,1.0,0.0,729
37.308642,-86.23431,cleared,0.0,1.0,0.0,729
37.308642,-86.233692,cleared,0.0,1.0,0.0,652
37.308643,-86.232455,cleared,0.0,1.0,0.0,675
37.308646,-86.221945,wooded,0.785,0.215,0.0,461
37.308644,-86.145279,wooded,1.0,0.0,0.0,554
37.308637,-86.128585,cleared,0.105,0.861,0.034,411
37.308147,-86.23802,wooded,1.0,0.0,0.0,518
37.308148,-86.233692,cleared,0.0,1.0,0.0,703
37.308149,-86.233073,cleared,0.0,1.0,0.0,729
37.308149,-86.231837,cleared,0.0,1.0,0.0,702
37.30815,-86.2306,wooded,1.0,0.0,0.0,583
37.30815,-86.229982,wooded,1.0,0.0,0.0,533
37.308151,-86.226891,cleared,0.011,0.989,0.0,354
37.307654,-86.23431,cleared,0.0,0.984,0.016,575
37.307655,-86.233073,cleared,0.0,1.0,0.0,729
37.307655,-86.232455,cleared,0.0,1.0,0.0,726
37.307655,-86.231837,cleared,0.0,1.0,0.0,614
37.307655,-86.231218,wooded,0.812,0.188,0.0,659
37.307657,-86.228127,cleared,0.0,1.0,0.0,523
37.307657,-86.227509,cleared,0.231,0.769,0.0,359
37.307656,-86.145898,cleared,0.43,0.57,0.0,593
37.307648,-86.12735,cleared,0.0,1.0,0.0,376
37.30716,-86.234309,water,0.07,0.149,0.781,470
37.307161,-86.233691,cleared,0.0,0.83,0.17,453
37.307161,-86.233073,cleared,0.0,1.0,0.0,608
37.307161,-86.232455,cleared,0.0,1.0,0.0,708
37.307162,-86.231218,cleared,0.131,0.869,0.0,596
37.307164,-86.223181,wooded,1.0,0.0,0.0,514
37.307164,-86.222562,wooded,1.0,0.0,0.0,566
37.307165,-86.221326,cleared,0.0,1.0,0.0,681
37.307162,-86.145898,cleared,0.292,0.708,0.0,600
37.307153,-86.125495,cleared,0.0,0.931,0.069,568
37.306665,-86.238019,wooded,1.0,0.0,0.0,506
37.306665,-86.2374,wooded,1.0,0.0,0.0,492
37.306667,-86.232454,cleared,0.0,0.966,0.034,474
37.306667,-86.231836,cleared,0.0,1.0,0.0,605
37.306668,-86.231218,cleared,0.0,1.0,0.0,525
37.306668,-86.229363,wooded,1.0,0.0,0.0,512
37.30667,-86.22318,wooded,1.0,0.0,0.0,497
37.306671,-86.220089,wooded,0.739,0.261,0.0,425
37.306672,-86.216998,wooded,1.0,0.0,0.0,551
37.30666,-86.126732,cleared,0.005,0.995,0.0,567
37.30666,-86.126114,cleared,0.0,1.0,0.0,622
37.306174,-86.231217,cleared,0.0,1.0,0.0,604
37.306174,-86.230599,cleared,0.006,0.994,0.0,667
37.306175,-86.229363,wooded,0.725,0.275,0.0,418
37.306175,-86.228126,wooded,1.0,0.0,0.0,563
37.306177,-86.22318,wooded,1.0,0.0,0.0,547
37.306177,-86.222562,wooded,1.0,0.0,0.0,591
37.306177,-86.221944,wooded,1.0,0.0,0.0,590
37.306177,-86.221325,wooded,1.0,0.0,0.0,635
37.306177,-86.220707,wooded,0.849,0.151,0.0,516
37.306178,-86.218234,wooded,0.921,0.079,0.0,517
37.306178,-86.217616,wooded,0.996,0.004,0.0,453
37.306175,-86.146517,wooded,0.622,0.378,0.0,590
37.305678,-86.2374,wooded,1.0,0.0,0.0,614
37.305679,-86.233072,wooded,1.0,0.0,0.0,492
37.30568,-86.231217,water,0.129,0.131,0.741,459
37.30568,-86.229981,cleared,0.0,0.986,0.014,644
37.305681,-86.229362,cleared,0.0,1.0,0.0,669
37.305681,-86.228744,cleared,0.325,0.675,0.0,418
37.305681,-86.228126,wooded,1.0,0.0,0.0,489
37.305682,-86.225035,cleared,0.34,0.66,0.0,524
37.305683,-86.221943,cleared,0.149,0.851,0.0,517
37.305683,-86.220707,cleared,0.002,0.998,0.0,471
37.305684,-86.218234,cleared,0.253,0.747,0.0,558
37.305684,-86.216997,cleared,0.24,0.76,0.0,534
37.305681,-86.146517,wooded,0.504,0.462,0.035,546
37.305681,-86.145899,cleared,0.233,0.767,0.0,566
37.305185,-86.233072,wooded,1.0,0.0,0.0,532
37.305186,-86.232453,wooded,1.0,0.0,0.0,670
37.305186,-86.231217,cleared,0.19,0.81,0.0,405
37.305187,-86.22998,water,0.0,0.263,0.737,448
37.305188,-86.225653,cleared,0.0,1.0,0.0,558
37.305188,-86.225034,cleared,0.0,1.0,0.0,514
37.305188,-86.224416,cleared,0.0,1.0,0.0,579
37.305189,-86.22318,wooded,0.585,0.415,0.0,427
37.305189,-86.222561,cleared,0.028,0.972,0.0,644
37.305189,-86.221943,cleared,0.0,1.0,0.0,595
37.30519,-86.218234,cleared,0.0,0.536,0.464,550
37.30519,-86.217615,cleared,0.002,0.651,0.347,501
37.305191,-86.216997,cleared,0.0,0.998,0.002,624
37.305191,-86.216379,cleared,0.0,1.0,0.0,696
37.305187,-86.145899,wooded,0.561,0.404,0.035,579
37.304692,-86.231217,cleared,0.059,0.941,0.0,700
37.304693,-86.22998,cleared,0.002,0.998,0.0,613
37.304693,-86.228744,water,0.0,0.293,0.707,451
37.304694,-86.227507,wooded,0.733,0.267,0.0,303
37.304694,-86.226889,cleared,0.078,0.922,0.0,565
37.304694,-86.225652,cleared,0.0,1.0,0.0,729
37.304694,-86.225034,cleared,0.0,1.0,0.0,601
37.304695,-86.223798,cleared,0.0,1.0,0.0,557
37.304695,-86.223179,cleared,0.0,1.0,0.0,701
37.304696,-86.220706,cleared,0.0,1.0,0.0,626
37.304696,-86.21947,cleared,0.156,0.425,0.418,557
37.304696,-86.218852,wooded,0.702,0.019,0.279,523
37.304696,-86.218234,wooded,0.968,0.0,0.032,507
37.304697,-86.216997,water,0.206,0.09,0.704,544
37.304697,-86.216379,water,0.002,0.384,0.614,555
37.304692,-86.143426,cleared,0.487,0.513,0.0,476
37.304198,-86.231216,wooded,0.822,0.178,0.0,573
37.304199,-86.22998,wooded,0.895,0.105,0.0,515
37.304199,-86.229362,cleared,0.071,0.929,0.0,592
37.304199,-86.228743,cleared,0.0,1.0,0.0,638
37.304199,-86.228125,water,0.0,0.479,0.521,495
37.3042,-86.22627,cleared,0.0,1.0,0.0,674
37.304201,-86.225034,cleared,0.0,1.0,0.0,667
37.304201,-86.223797,cleared,0.0,1.0,0.0,624
37.304201,-86.223179,cleared,0.0,1.0,0.0,624
37.304201,-86.222561,cleared,0.0,1.0,0.0,658
37.304201,-86.221943,cleared,0.0,1.0,0.0,657
37.304202,-86.221324,cleared,0.0,1.0,0.0,677
37.304202,-86.220088,water,0.301,0.182,0.517,505
37.304202,-86.218852,wooded,1.0,0.0,0.0,523
37.304203,-86.217615,wooded,1.0,0.0,0.0,530
37.304203,-86.21576,water,0.003,0.421,0.576,580
37.304198,-86.142808,cleared,0.343,0.584,0.073,565
37.303705,-86.22998,wooded,1.0,0.0,0.0,565
37.303705,-86.229361,wooded,0.957,0.043,0.0,553
37.303706,-86.228125,cleared,0.0,1.0,0.0,669
37.303707,-86.225034,cleared,0.0,1.0,0.0,622
37.303707,-86.224415,cleared,0.0,1.0,0.0,665
37.303707,-86.222561,cleared,0.0,1.0,0.0,660
37.303708,-86.221943,cleared,0.0,1.0,0.0,697
37.303708,-86.221324,cleared,0.002,0.688,0.31,558
37.303708,-86.220706,wooded,0.512,0.077,0.41,480
37.303708,-86.21947,wooded,0.918,0.082,0.0,515
37.303708,-86.218851,cleared,0.37,0.63,0.0,508
37.303709,-86.218233,cleared,0.186,0.814,0.0,485
37.303709,-86.217615,cleared,0.012,0.988,0.0,483
37.303709,-86.21576,cleared,0.0,1.0,0.0,655
37.303709,-86.215142,cleared,0.0,0.833,0.167,603
37.303703,-86.140954,cleared,0.0,0.981,0.019,687
37.303703,-86.140336,cleared,0.0,0.924,0.076,621
37.303703,-86.139099,cleared,0.0,1.0,0.0,581
37.303212,-86.228125,cleared,0.038,0.962,0.0,659
37.303212,-86.227506,cleared,0.0,1.0,0.0,677
37.303213,-86.225033,cleared,0.0,1.0,0.0,615
37.303213,-86.223797,cleared,0.0,1.0,0.0,611
37.303213,-86.223179,cleared,0.0,1.0,0.0,724
37.303214,-86.221942,water,0.02,0.477,0.503,499
37.303215,-86.21576,cleared,0.0,1.0,0.0,646
37.303216,-86.215142,cleared,0.0,1.0,0.0,638
37.303216,-86.213905,wooded,1.0,0.0,0.0,395
37.302718,-86.227506,cleared,0.053,0.947,0.0,647
37.302718,-86.226888,cleared,0.0,1.0,0.0,688
37.302719,-86.225651,cleared,0.0,0.54,0.46,480
37.302719,-86.225033,cleared,0.0,1.0,0.0,703
37.302719,-86.224415,cleared,0.0,1.0,0.0,707
37.302719,-86.223797,cleared,0.0,0.978,0.022,587
37.30272,-86.223179,cleared,0.011,0.581,0.407,523
37.30272,-86.22256,water,0.292,0.195,0.513,476
37.302721,-86.216378,cleared,0.0,1.0,0.0,514
37.302722,-86.215142,cleared,0.0,1.0,0.0,722
37.302722,-86.214523,cleared,0.075,0.473,0.453,510
37.302225,-86.226269,cleared,0.183,0.817,0.0,547
37.302225,-86.225033,water,0.055,0.295,0.65,403
37.302225,-86.224415,water,0.016,0.387,0.596,431
37.302225,-86.223796,water,0.108,0.164,0.728,452
37.302228,-86.21576,cleared,0.0,1.0,0.0,559
37.302228,-86.215141,cleared,0.0,1.0,0.0,722
37.301734,-86.215141,cleared,0.0,1.0,0.0,729
37.301734,-86.213287,wooded,1.0,0.0,0.0,459
37.30124,-86.216377,wooded,0.632,0.368,0.0,622
37.30124,-86.215141,cleared,0.0,1.0,0.0,729
37.301241,-86.212668,wooded,1.0,0.0,0.0,507
37.300746,-86.216377,wooded,0.882,0.118,0.0,570
37.300746,-86.214523,water,0.044,0.225,0.731,542
37.300747,-86.212668,wooded,0.864,0.136,0.0,581
37.300252,-86.216377,wooded,0.884,0.116,0.0,541
37.300252,-86.215759,cleared,0.241,0.759,0.0,667
37.299758,-86.216995,wooded,0.712,0.288,0.0,479
37.299758,-86.21514,water,0.0,0.48,0.52,613
37.299759,-86.214522,cleared,0.05,0.95,0.0,605
37.299264,-86.218231,cleared,0.348,0.652,0.0,564
37.299264,-86.217613,cleared,0.01,0.99,0.0,631
37.299264,-86.216377,cleared,0.086,0.914,0.0,594
37.299265,-86.21514,cleared,0.0,0.628,0.372,616
37.299265,-86.214522,cleared,0.367,0.633,0.0,591
37.29877,-86.217613,wooded,0.905,0.095,0.0,482
37.29877,-86.216995,wooded,0.927,0.073,0.0,519
37.298276,-86.217613,wooded,0.842,0.158,0.0,501
37.298276,-86.216995,cleared,0.395,0.605,0.0,565
37.298277,-86.216376,cleared,0.0,1.0,0.0,729
37.298277,-86.215758,water,0.0,0.324,0.676,581
37.298277,-86.21514,cleared,0.174,0.699,0.127,408
37.297783,-86.216994,cleared,0.053,0.947,0.0,685
37.297783,-86.215758,water,0.11,0.152,0.738,492
37.297285,-86.229976,wooded,0.429,0.18,0.392,378
37.297285,-86.229358,cleared,0.175,0.433,0.392,423
37.297285,-86.22874,water,0.152,0.188,0.66,303
37.297289,-86.217612,cleared,0.315,0.685,0.0,489
37.297289,-86.216994,cleared,0.0,1.0,0.0,686
37.297289,-86.216376,cleared,0.002,0.575,0.423,520
37.297289,-86.21514,wooded,0.996,0.004,0.0,499
37.29729,-86.213285,cleared,0.0,1.0,0.0,693
37.296791,-86.230594,water,0.022,0.451,0.527,539
37.296791,-86.229357,cleared,0.0,1.0,0.0,671
37.296791,-86.228739,cleared,0.0,0.91,0.09,546
37.296792,-86.228121,water,0.076,0.241,0.683,394
37.296795,-86.217612,cleared,0.0,1.0,0.0,652
37.296795,-86.215758,wooded,1.0,0.0,0.0,453
37.296795,-86.215139,cleared,0.456,0.544,0.0,581
37.296796,-86.213285,cleared,0.0,1.0,0.0,715
37.296297,-86.231212,water,0.0,0.49,0.51,576
37.296297,-86.230594,cleared,0.0,0.996,0.004,571
37.296297,-86.229975,cleared,0.0,1.0,0.0,726
37.296297,-86.229357,cleared,0.0,1.0,0.0,729
37.296298,-86.228739,cleared,0.0,1.0,0.0,695
37.296298,-86.227503,cleared,0.012,0.836,0.151,482
37.296299,-86.225648,wooded,0.783,0.217,0.0,605
37.296299,-86.22503,cleared,0.02,0.98,0.0,706
37.296299,-86.224412,cleared,0.0,1.0,0.0,729
37.296299,-86.223794,cleared,0.0,1.0,0.0,729
37.296301,-86.215139,cleared,0.212,0.788,0.0,660
37.296302,-86.213285,cleared,0.0,1.0,0.0,729
37.296302,-86.212667,cleared,0.0,1.0,0.0,586
37.296298,-86.14714,cleared,0.0,1.0,0.0,490
37.295803,-86.23183,water,0.0,0.426,0.574,512
37.295803,-86.231211,cleared,0.0,0.991,0.009,558
37.295803,-86.230593,cleared,0.0,1.0,0.0,727
37.295804,-86.228739,wooded,1.0,0.0,0.0,520
37.295805,-86.223793,cleared,0.0,1.0,0.0,729
37.295805,-86.223175,cleared,0.315,0.685,0.0,693
37.295806,-86.222557,wooded,0.989,0.011,0.0,649
37.295807,-86.21823,cleared,0.104,0.869,0.027,452
37.295807,-86.217612,water,0.0,0.308,0.692,419
37.295807,-86.215757,cleared,0.065,0.935,0.0,586
37.295808,-86.215139,cleared,0.0,1.0,0.0,729
37.295808,-86.213285,cleared,0.0,1.0,0.0,721
37.295804,-86.147141,cleared,0.0,1.0,0.0,729
37.295308,-86.232447,water,0.022,0.282,0.697,458
37.295309,-86.231211,cleared,0.0,1.0,0.0,709
37.295309,-86.229975,wooded,1.0,0.0,0.0,582
37.29531,-86.228738,wooded,1.0,0.0,0.0,590
37.29531,-86.226884,cleared,0.0,1.0,0.0,681
37.295311,-86.224411,cleared,0.184,0.816,0.0,512
37.295311,-86.223793,cleared,0.146,0.854,0.0,650
37.295312,-86.223175,wooded,0.954,0.046,0.0,680
37.295312,-86.222557,wooded,0.63,0.37,0.0,633
37.295313,-86.217612,cleared,0.0,0.844,0.156,526
37.295314,-86.215139,wooded,0.507,0.493,0.0,590
37.295314,-86.214521,cleared,0.029,0.971,0.0,691
37.295314,-86.213284,cleared,0.015,0.985,0.0,711
37.294813,-86.236774,wooded,0.978,0.022,0.0,540
37.294813,-86.236156,wooded,0.608,0.392,0.0,658
37.294813,-86.235538,cleared,0.071,0.929,0.0,665
37.294815,-86.231829,cleared,0.0,1.0,0.0,705
37.294815,-86.231211,cleared,0.069,0.931,0.0,613
37.294815,-86.229975,wooded,1.0,0.0,0.0,575
37.294816,-86.229356,wooded,1.0,0.0,0.0,729
37.294817,-86.226884,cleared,0.0,1.0,0.0,628
37.294817,-86.226266,cleared,0.0,1.0,0.0,705
37.294817,-86.225647,cleared,0.304,0.696,0.0,536
37.294817,-86.225029,cleared,0.097,0.903,0.0,516
37.294818,-86.223793,wooded,0.889,0.111,0.0,478
37.294818,-86.223175,wooded,0.839,0.161,0.0,676
37.294818,-86.222557,wooded,0.604,0.396,0.0,670
37.294819,-86.217611,cleared,0.0,1.0,0.0,713
37.29482,-86.215757,cleared,0.015,0.985,0.0,646
37.29482,-86.213284,cleared,0.123,0.877,0.0,641
37.294821,-86.212048,cleared,0.0,1.0,0.0,494
37.294821,-86.21143,cleared,0.0,1.0,0.0,676
37.294821,-86.210812,cleared,0.0,1.0,0.0,698
37.294821,-86.210193,cleared,0.0,1.0,0.0,621
37.294821,-86.209575,cleared,0.0,1.0,0.0,572
37.294319,-86.236774,wooded,0.74,0.26,0.0,562
37.294319,-86.235538,cleared,0.0,1.0,0.0,698
37.29432,-86.234301,cleared,0.019,0.981,0.0,415
37.29432,-86.233065,cleared,0.0,0.605,0.395,622
37.294321,-86.232447,cleared,0.0,1.0,0.0,625
37.294321,-86.231829,cleared,0.311,0.689,0.0,615
37.294321,-86.230592,wooded,0.993,0.007,0.0,667
37.294322,-86.229974,wooded,0.715,0.285,0.0,543
37.294322,-86.229356,wooded,0.922,0.078,0.0,682
37.294322,-86.228738,wooded,1.0,0.0,0.0,729
37.294322,-86.22812,wooded,1.0,0.0,0.0,591
37.294323,-86.226265,cleared,0.0,1.0,0.0,729
37.294323,-86.225647,cleared,0.0,1.0,0.0,623
37.294324,-86.223793,cleared,0.4,0.6,0.0,448
37.294324,-86.223175,cleared,0.337,0.663,0.0,659
37.294325,-86.217611,cleared,0.0,1.0,0.0,641
37.294326,-86.216375,cleared,0.28,0.72,0.0,500
37.294326,-86.21452,cleared,0.0,1.0,0.0,677
37.294326,-86.213902,cleared,0.0,1.0,0.0,725
37.294327,-86.212666,cleared,0.0,1.0,0.0,673
37.294327,-86.210811,cleared,0.0,1.0,0.0,729
37.294327,-86.210193,cleared,0.0,1.0,0.0,729
37.294327,-86.209575,cleared,0.0,1.0,0.0,729
37.294327,-86.208957,cleared,0.0,1.0,0.0,616
37.293825,-86.237392,cleared,0.084,0.916,0.0,500
37.293825,-86.236156,cleared,0.0,1.0,0.0,612
37.293826,-86.235537,cleared,0.0,1.0,0.0,679
37.293826,-86.233683,water,0.039,0.274,0.687,434
37.293827,-86.232447,cleared,0.038,0.962,0.0,691
37.293827,-86.23121,wooded,0.95,0.05,0.0,585
37.293828,-86.230592,cleared,0.17,0.83,0.0,657
37.293828,-86.229356,cleared,0.013,0.987,0.0,712
37.293828,-86.228738,cleared,0.388,0.612,0.0,652
37.293828,-86.22812,wooded,0.911,0.089,0.0,661
37.293829,-86.226883,cleared,0.227,0.4,0.373,445
37.293829,-86.226265,cleared,0.0,1.0,0.0,709
37.293829,-86.225647,cleared,0.0,1.0,0.0,658
37.29383,-86.223792,cleared,0.002,0.998,0.0,488
37.29383,-86.223174,cleared,0.0,1.0,0.0,714
37.293831,-86.218229,cleared,0.0,1.0,0.0,708
37.293832,-86.216375,cleared,0.114,0.886,0.0,534
37.293832,-86.213902,cleared,0.0,1.0,0.0,661
37.293833,-86.213284,cleared,0.0,1.0,0.0,667
37.293833,-86.209575,cleared,0.0,1.0,0.0,729
37.293833,-86.208957,cleared,0.017,0.983,0.0,641
37.29333,-86.238628,wooded,1.0,0.0,0.0,638
37.293331,-86.23801,cleared,0.177,0.823,0.0,555
37.293331,-86.236773,cleared,0.0,1.0,0.0,569
37.293332,-86.236155,cleared,0.0,1.0,0.0,650
37.293333,-86.233683,cleared,0.0,0.609,0.391,594
37.293333,-86.233064,cleared,0.0,1.0,0.0,645
37.293333,-86.23121,cleared,0.178,0.822,0.0,584
37.293334,-86.229974,cleared,0.0,1.0,0.0,669
37.293334,-86.229356,cleared,0.0,1.0,0.0,716
37.293334,-86.228737,cleared,0.059,0.941,0.0,622
37.293335,-86.228119,wooded,0.9,0.1,0.0,692
37.293335,-86.225647,cleared,0.0,1.0,0.0,718
37.293336,-86.225029,cleared,0.0,1.0,0.0,604
37.293336,-86.22441,cleared,0.0,1.0,0.0,617
37.293336,-86.223792,cleared,0.0,1.0,0.0,591
37.293336,-86.222556,cleared,0.0,1.0,0.0,715
37.293337,-86.22132,wooded,1.0,0.0,0.0,649
37.293338,-86.218229,cleared,0.0,1.0,0.0,642
37.293338,-86.217611,cleared,0.272,0.728,0.0,672
37.293339,-86.210193,cleared,0.0,0.959,0.041,509
37.293341,-86.199684,cleared,0.0,1.0,0.0,537
37.292837,-86.238009,cleared,0.0,1.0,0.0,661
37.292837,-86.237391,cleared,0.0,1.0,0.0,553
37.292838,-86.236155,cleared,0.0,1.0,0.0,618
37.292838,-86.235537,cleared,0.0,1.0,0.0,540
37.292838,-86.2343,water,0.0,0.41,0.59,451
37.292839,-86.232446,cleared,0.336,0.664,0.0,399
37.292841,-86.228119,wooded,0.88,0.12,0.0,660
37.292841,-86.227501,wooded,0.949,0.051,0.0,626
37.292842,-86.225028,cleared,0.0,1.0,0.0,714
37.292842,-86.22441,cleared,0.0,1.0,0.0,589
37.292842,-86.223792,cleared,0.0,1.0,0.0,613
37.292843,-86.221938,wooded,0.925,0.075,0.0,504
37.292843,-86.221319,wooded,0.907,0.093,0.0,507
37.292844,-86.218229,cleared,0.0,1.0,0.0,576
37.292844,-86.217611,cleared,0.427,0.573,0.0,497
37.292844,-86.216374,cleared,0.174,0.826,0.0,557
37.292845,-86.213902,cleared,0.005,0.995,0.0,586
37.292845,-86.212665,cleared,0.007,0.993,0.0,699
37.292845,-86.210811,cleared,0.344,0.656,0.0,681
37.292845,-86.210193,wooded,0.724,0.276,0.0,655
37.292343,-86.238627,cleared,0.359,0.641,0.0,487
37.292343,-86.238009,cleared,0.0,1.0,0.0,600
37.292343,-86.237391,cleared,0.0,1.0,0.0,633
37.292344,-86.236773,cleared,0.0,1.0,0.0,664
37.292344,-86.236155,cleared,0.0,1.0,0.0,624
37.292344,-86.234918,cleared,0.0,0.862,0.138,441
37.292345,-86.233682,cleared,0.182,0.818,0.0,478
37.292347,-86.227501,cleared,0.007,0.993,0.0,600
37.292347,-86.226882,cleared,0.0,1.0,0.0,705
37.292348,-86.22441,cleared,0.0,1.0,0.0,720
37.292348,-86.223792,cleared,0.0,1.0,0.0,612
37.292348,-86.223174,cleared,0.0,1.0,0.0,590
37.292349,-86.222555,cleared,0.482,0.518,0.0,465
37.292349,-86.221937,cleared,0.096,0.904,0.0,490
37.29235,-86.218847,water,0.0,0.429,0.571,510
37.29235,-86.218228,cleared,0.0,1.0,0.0,633
37.29235,-86.21761,wooded,0.525,0.475,0.0,575
37.29235,-86.216374,cleared,0.0,1.0,0.0,569
37.291849,-86.238627,wooded,0.995,0.005,0.0,549
37.291849,-86.238009,cleared,0.356,0.644,0.0,604
37.291849,-86.237391,cleared,0.0,1.0,0.0,612
37.29185,-86.236772,cleared,0.0,1.0,0.0,715
37.29185,-86.234918,water,0.018,0.356,0.627,509
37.291853,-86.229355,cleared,0.0,1.0,0.0,495
37.291854,-86.22441,cleared,0.0,0.897,0.103,536
37.291854,-86.223792,cleared,0.0,1.0,0.0,727
37.291855,-86.223173,cleared,0.0,1.0,0.0,666
37.291855,-86.222555,cleared,0.025,0.975,0.0,604
37.291855,-86.221937,cleared,0.0,1.0,0.0,611
37.291855,-86.221319,cleared,0.0,1.0,0.0,614
37.291855,-86.220701,cleared,0.014,0.986,0.0,516
37.291856,-86.218846,cleared,0.002,0.625,0.373,550
37.291856,-86.218228,cleared,0.003,0.997,0.0,640
37.291856,-86.216992,wooded,0.776,0.224,0.0,375
37.291857,-86.215756,cleared,0.0,1.0,0.0,729
37.291857,-86.214519,cleared,0.095,0.905,0.0,475
37.291857,-86.212047,cleared,0.0,1.0,0.0,729
37.291355,-86.238626,wooded,1.0,0.0,0.0,506
37.291355,-86.238008,wooded,0.681,0.319,0.0,583
37.291356,-86.23739,cleared,0.0,1.0,0.0,729
37.291356,-86.236772,cleared,0.0,1.0,0.0,729
37.291356,-86.236154,cleared,0.0,1.0,0.0,729
37.291357,-86.233681,wooded,1.0,0.0,0.0,580
37.29136,-86.225646,wooded,0.884,0.116,0.0,534
37.291361,-86.223173,cleared,0.0,1.0,0.0,722
37.291361,-86.222555,cleared,0.0,1.0,0.0,632
37.291361,-86.221937,cleared,0.0,1.0,0.0,726
37.291362,-86.220082,water,0.265,0.058,0.677,486
37.291362,-86.218228,cleared,0.0,1.0,0.0,628
37.291363,-86.216374,cleared,0.006,0.994,0.0,673
37.291363,-86.215756,cleared,0.0,1.0,0.0,729
37.291364,-86.212047,cleared,0.0,1.0,0.0,597
37.290862,-86.23739,cleared,0.0,1.0,0.0,729
37.290863,-86.234917,wooded,0.988,0.012,0.0,578
37.290863,-86.234299,wooded,1.0,0.0,0.0,589
37.290866,-86.225645,wooded,1.0,0.0,0.0,660
37.290866,-86.225027,wooded,1.0,0.0,0.0,586
37.290867,-86.222555,cleared,0.356,0.644,0.0,519
37.290867,-86.221937,wooded,0.783,0.198,0.019,465
37.290867,-86.221319,wooded,0.551,0.019,0.431,376
37.290868,-86.220082,wooded,1.0,0.0,0.0,638
37.290869,-86.213901,cleared,0.461,0.539,0.0,399
37.29087,-86.212665,cleared,0.0,1.0,0.0,717
37.290872,-86.193503,cleared,0.242,0.758,0.0,591
37.290369,-86.235535,wooded,0.824,0.176,0.0,512
37.290369,-86.234917,wooded,1.0,0.0,0.0,686
37.290369,-86.234299,wooded,1.0,0.0,0.0,661
37.29037,-86.233063,wooded,1.0,0.0,0.0,675
37.290373,-86.224409,wooded,1.0,0.0,0.0,634
37.290373,-86.222555,water,0.316,0.006,0.679,545
37.290374,-86.221318,wooded,0.933,0.002,0.065,554
37.290374,-86.219464,wooded,1.0,0.0,0.0,407
37.290375,-86.21761,cleared,0.0,0.909,0.091,530
37.290375,-86.216373,wooded,0.971,0.029,0.0,313
37.290378,-86.199684,cleared,0.257,0.743,0.0,544
37.290378,-86.199066,cleared,0.126,0.799,0.075,318
37.290378,-86.198448,cleared,0.111,0.889,0.0,458
37.290378,-86.19783,wooded,0.863,0.114,0.023,439
37.290378,-86.197211,wooded,1.0,0.0,0.0,594
37.289874,-86.237389,cleared,0.0,1.0,0.0,723
37.289874,-86.236153,cleared,0.006,0.969,0.025,517
37.289875,-86.235535,cleared,0.42,0.58,0.0,567
37.289875,-86.234917,cleared,0.364,0.636,0.0,517
37.289875,-86.234299,wooded,0.602,0.398,0.0,558
37.289881,-86.216991,cleared,0.0,1.0,0.0,724
37.289881,-86.216373,cleared,0.0,0.964,0.036,647
37.289882,-86.213283,cleared,0.0,1.0,0.0,729
37.289882,-86.212664,cleared,0.02,0.98,0.0,640
37.28938,-86.237389,cleared,0.116,0.775,0.109,457
37.28938,-86.236771,cleared,0.0,0.648,0.352,565
37.289381,-86.236153,cleared,0.0,1.0,0.0,710
37.289381,-86.235535,cleared,0.0,1.0,0.0,729
37.289381,-86.234916,cleared,0.0,1.0,0.0,729
37.289381,-86.234298,cleared,0.0,1.0,0.0,729
37.289382,-86.23368,cleared,0.0,1.0,0.0,729
37.289382,-86.233062,cleared,0.0,1.0,0.0,690
37.289382,-86.232444,cleared,0.267,0.733,0.0,643
37.289382,-86.231826,wooded,0.768,0.232,0.0,551
37.289383,-86.231208,wooded,1.0,0.0,0.0,499
37.289387,-86.216373,cleared,0.0,0.943,0.057,580
37.289387,-86.215755,wooded,0.817,0.172,0.011,454
37.289389,-86.205865,wooded,0.978,0.022,0.0,501
37.289389,-86.205247,cleared,0.087,0.893,0.021,485
37.289389,-86.204629,cleared,0.006,0.994,0.0,627
37.288888,-86.23368,cleared,0.0,0.943,0.057,543
37.288888,-86.232444,cleared,0.0,0.948,0.052,561
37.288888,-86.231826,cleared,0.0,0.956,0.044,608
37.288894,-86.2139,cleared,0.061,0.939,0.0,558
37.288894,-86.213282,cleared,0.46,0.54,0.0,374
37.288399,-86.216373,cleared,0.049,0.951,0.0,515
37.2884,-86.214518,cleared,0.015,0.985,0.0,666
37.2884,-86.2139,cleared,0.439,0.561,0.0,663
37.2884,-86.213282,cleared,0.286,0.714,0.0,658
37.288402,-86.20401,cleared,0.0,1.0,0.0,671
37.288403,-86.196593,wooded,1.0,0.0,0.0,504
37.287901,-86.231825,wooded,0.764,0.236,0.0,467
37.287901,-86.231207,cleared,0.0,1.0,0.0,721
37.287901,-86.230589,cleared,0.0,1.0,0.0,717
37.287906,-86.216372,cleared,0.038,0.962,0.0,632
37.287906,-86.214518,cleared,0.46,0.54,0.0,544
37.287906,-86.212664,wooded,0.639,0.308,0.054,595
37.287907,-86.208337,cleared,0.187,0.813,0.0,498
37.287407,-86.230588,cleared,0.001,0.999,0.0,691
37.287408,-86.22997,cleared,0.0,1.0,0.0,721
37.287413,-86.212045,cleared,0.011,0.989,0.0,610
37.286913,-86.231206,wooded,1.0,0.0,0.0,518
37.286914,-86.22997,cleared,0.0,1.0,0.0,729
37.286919,-86.208337,cleared,0.058,0.942,0.0,556
37.286419,-86.231206,wooded,1.0,0.0,0.0,518
37.28642,-86.22997,cleared,0.001,0.999,0.0,667
37.28642,-86.229352,cleared,0.0,0.998,0.002,665
37.286425,-86.211427,cleared,0.391,0.589,0.02,445
37.286426,-86.208955,cleared,0.23,0.746,0.024,456
37.285926,-86.22997,wooded,0.726,0.274,0.0,526
37.285926,-86.229351,cleared,0.0,1.0,0.0,728
37.285931,-86.210809,cleared,0.081,0.862,0.057,632
37.285931,-86.210191,cleared,0.0,0.955,0.045,669
37.285932,-86.209573,cleared,0.098,0.837,0.065,615
37.285432,-86.229351,cleared,0.04,0.96,0.0,528
37.284934,-86.239858,wooded,1.0,0.0,0.0,252
37.284936,-86.236768,wooded,1.0,0.0,0.0,501
37.284939,-86.228733,cleared,0.0,0.851,0.149,572
37.284438,-86.244184,wooded,1.0,0.0,0.0,362
37.284439,-86.24233,water,0.379,0.003,0.618,385
37.28444,-86.241712,water,0.119,0.079,0.802,470
37.28444,-86.241094,water,0.01,0.362,0.628,489
37.28444,-86.240476,water,0.0,0.448,0.552,505
37.28444,-86.239858,water,0.0,0.324,0.676,447
37.284441,-86.238622,cleared,0.327,0.673,0.0,410
37.284445,-86.228733,cleared,0.0,0.954,0.046,589
37.28445,-86.209572,wooded,1.0,0.0,0.0,324
37.283945,-86.243566,water,0.252,0.037,0.711,322
37.283945,-86.242948,water,0.063,0.438,0.499,493
37.283945,-86.24233,cleared,0.0,0.936,0.064,579
37.283946,-86.241712,cleared,0.0,1.0,0.0,677
37.283946,-86.241094,cleared,0.0,1.0,0.0,666
37.283946,-86.240476,cleared,0.0,1.0,0.0,622
37.283947,-86.239858,cleared,0.0,0.947,0.053,606
37.283947,-86.23924,cleared,0.0,0.518,0.482,606
37.283947,-86.238003,cleared,0.0,0.868,0.132,567
37.283948,-86.237385,cleared,0.39,0.605,0.005,400
37.283951,-86.228732,cleared,0.0,0.993,0.007,557
37.283952,-86.226878,wooded,1.0,0.0,0.0,572
37.28345,-86.24542,wooded,1.0,0.0,0.0,369
37.283451,-86.244184,water,0.024,0.449,0.527,490
37.283451,-86.242948,cleared,0.062,0.938,0.0,661
37.283452,-86.24233,cleared,0.333,0.667,0.0,636
37.283452,-86.241093,wooded,0.806,0.194,0.0,500
37.283452,-86.240475,wooded,0.955,0.045,0.0,423
37.283453,-86.239857,wooded,0.931,0.069,0.0,394
37.283454,-86.236767,cleared,0.0,0.985,0.015,588
37.283454,-86.236149,cleared,0.41,0.59,0.0,480
37.283457,-86.228732,cleared,0.066,0.934,0.0,482
37.282956,-86.246038,wooded,1.0,0.0,0.0,328
37.282957,-86.244801,cleared,0.064,0.558,0.379,581
37.282957,-86.244183,cleared,0.0,1.0,0.0,584
37.282957,-86.243565,cleared,0.487,0.513,0.0,585
37.282957,-86.242947,wooded,0.973,0.027,0.0,556
37.282958,-86.242329,wooded,1.0,0.0,0.0,628
37.282958,-86.241711,wooded,1.0,0.0,0.0,590
37.282958,-86.241093,wooded,1.0,0.0,0.0,433
37.282963,-86.228732,cleared,0.096,0.904,0.0,467
37.282463,-86.244801,cleared,0.029,0.971,0.0,558
37.282463,-86.244183,wooded,0.699,0.301,0.0,512
37.282463,-86.243565,wooded,1.0,0.0,0.0,435
37.282464,-86.242947,wooded,0.98,0.02,0.0,460
37.282464,-86.242329,wooded,0.641,0.359,0.0,329
37.282467,-86.234912,cleared,0.132,0.868,0.0,522
37.282469,-86.228731,cleared,0.0,1.0,0.0,468
37.28247,-86.227495,wooded,0.559,0.441,0.0,463
37.281968,-86.246037,cleared,0.0,0.566,0.434,539
37.281969,-86.244801,wooded,0.747,0.253,0.0,572
37.281973,-86.234294,cleared,0.021,0.979,0.0,571
37.281474,-86.246654,water,0.127,0.288,0.585,465
37.281474,-86.246036,cleared,0.0,1.0,0.0,655
37.281475,-86.245418,cleared,0.35,0.65,0.0,528
37.28148,-86.234293,water,0.0,0.389,0.611,563
37.281482,-86.228113,cleared,0.0,0.955,0.045,550
37.281482,-86.227495,cleared,0.0,0.994,0.006,541
37.28098,-86.247272,wooded,0.82,0.0,0.18,233
37.28098,-86.246654,cleared,0.006,0.647,0.348,532
37.28098,-86.246036,cleared,0.0,1.0,0.0,632
37.280981,-86.245418,wooded,0.648,0.352,0.0,432
37.280981,-86.2448,wooded,1.0,0.0,0.0,446
37.280986,-86.234293,wooded,0.72,0.0,0.28,579
37.280986,-86.233057,cleared,0.002,0.909,0.089,573
37.280987,-86.231203,wooded,1.0,0.0,0.0,380
37.280987,-86.230585,wooded,0.993,0.007,0.0,432
37.280988,-86.228731,water,0.0,0.307,0.693,522
37.280981,-86.130461,cleared,0.0,1.0,0.0,582
37.280486,-86.247272,wooded,0.518,0.0,0.482,371
37.280487,-86.246036,cleared,0.029,0.971,0.0,582
37.279992,-86.247271,water,0.369,0.0,0.631,360
37.279992,-86.246653,cleared,0.0,0.972,0.028,562
37.279993,-86.246035,cleared,0.338,0.662,0.0,432
37.279498,-86.247271,water,0.409,0.0,0.591,308
37.279499,-86.246035,wooded,0.635,0.365,0.0,416
37.279499,-86.245417,wooded,1.0,0.0,0.0,391
37.279004,-86.247271,water,0.144,0.139,0.718,209
37.279005,-86.246652,cleared,0.0,1.0,0.0,280
37.279005,-86.246034,wooded,0.866,0.134,0.0,322
37.279005,-86.245416,wooded,1.0,0.0,0.0,307
37.279006,-86.24418,wooded,1.0,0.0,0.0,330
37.279006,-86.243562,wooded,1.0,0.0,0.0,320
37.279007,-86.242326,wooded,1.0,0.0,0.0,363
37.279007,-86.241708,wooded,1.0,0.0,0.0,247
37.27851,-86.247888,wooded,1.0,0.0,0.0,120
37.278511,-86.24727,water,0.384,0.183,0.433,372
37.278511,-86.246652,cleared,0.0,1.0,0.0,538
37.278511,-86.246034,cleared,0.397,0.603,0.0,340
37.278512,-86.24418,wooded,1.0,0.0,0.0,297
37.278512,-86.243562,wooded,1.0,0.0,0.0,448
37.278513,-86.242944,wooded,1.0,0.0,0.0,476
37.278513,-86.242326,wooded,1.0,0.0,0.0,324
37.278513,-86.241708,wooded,1.0,0.0,0.0,312
37.278514,-86.24109,wooded,1.0,0.0,0.0,283
37.278514,-86.240472,wooded,1.0,0.0,0.0,145
37.278016,-86.247888,wooded,1.0,0.0,0.0,233
37.278019,-86.242944,wooded,1.0,0.0,0.0,333
37.278019,-86.241708,wooded,1.0,0.0,0.0,400
37.27802,-86.24109,wooded,0.995,0.0,0.005,428
37.27802,-86.239853,wooded,1.0,0.0,0.0,296
37.275547,-86.248504,cleared,0.0,1.0,0.0,615
37.275062,-86.228109,wooded,1.0,0.0,0.0,209
37.27357,-86.251592,cleared,0.0,1.0,0.0,729
37.272087,-86.253445,cleared,0.0,1.0,0.0,729
37.269619,-86.251589,cleared,0.0,1.0,0.0,729
37.268631,-86.25097,cleared,0.0,1.0,0.0,729
37.26715,-86.250351,cleared,0.0,1.0,0.0,729
37.264681,-86.250349,cleared,0.0,1.0,0.0,723
37.263693,-86.250966,cleared,0.0,1.0,0.0,729
37.262705,-86.251583,cleared,0.0,1.0,0.0,729
37.26271,-86.241079,wooded,1.0,0.0,0.0,248
37.261721,-86.242932,wooded,1.0,0.0,0.0,311
37.362113,-86.244006,cleared,0.0,1.0,0.0,729
37.324088,-86.247751,cleared,0.0,1.0,0.0,638
37.322114,-86.250845,wooded,0.995,0.0,0.005,438
37.322114,-86.250226,wooded,0.833,0.103,0.063,126
37.322114,-86.249608,cleared,0.0,1.0,0.0,490
37.32162,-86.24899,cleared,0.0,1.0,0.0,715
37.321125,-86.248372,cleared,0.0,1.0,0.0,651
37.317173,-86.245284,cleared,0.0,1.0,0.0,633
37.317171,-86.242192,cleared,0.0,1.0,0.0,693
37.316679,-86.245903,cleared,0.0,1.0,0.0,646
37.316678,-86.244048,cleared,0.0,1.0,0.0,577
37.316678,-86.242811,cleared,0.0,1.0,0.0,663
37.316677,-86.242193,cleared,0.0,1.0,0.0,676
37.316677,-86.241574,cleared,0.0,1.0,0.0,707
37.316185,-86.245903,cleared,0.0,1.0,0.0,681
37.316185,-86.245285,cleared,0.0,1.0,0.0,635
37.316185,-86.244666,cleared,0.0,1.0,0.0,701
37.316179,-86.23601,cleared,0.0,1.0,0.0,27
37.315692,-86.245903,cleared,0.0,1.0,0.0,714
37.315691,-86.245285,cleared,0.0,1.0,0.0,628
37.315691,-86.244048,cleared,0.0,1.0,0.0,587
37.31569,-86.24343,cleared,0.0,1.0,0.0,708
37.31569,-86.242812,cleared,0.0,1.0,0.0,703
37.315689,-86.242193,cleared,0.0,1.0,0.0,657
37.315686,-86.236628,cleared,0.0,1.0,0.0,525
37.315686,-86.23601,cleared,0.0,1.0,0.0,27
37.315196,-86.242194,cleared,0.0,1.0,0.0,691
37.315192,-86.236629,cleared,0.0,1.0,0.0,536
37.315192,-86.236011,cleared,0.0,1.0,0.0,27
37.314706,-86.250233,wooded,1.0,0.0,0.0,203
37.314702,-86.242813,cleared,0.0,1.0,0.0,640
37.314699,-86.237248,cleared,0.0,1.0,0.0,613
37.314698,-86.236629,cleared,0.0,1.0,0.0,419
37.314212,-86.250233,wooded,0.995,0.0,0.005,364
37.314207,-86.240958,cleared,0.0,1.0,0.0,608
37.314205,-86.237867,cleared,0.0,1.0,0.0,671
37.314205,-86.237248,cleared,0.0,1.0,0.0,729
37.31372,-86.252707,wooded,0.989,0.0,0.011,93
37.313719,-86.252088,water,0.297,0.0,0.703,37
37.313719,-86.25147,wooded,0.942,0.005,0.053,207
37.313719,-86.250852,wooded,1.0,0.0,0.0,403
37.313718,-86.250233,wooded,1.0,0.0,0.0,259
37.313714,-86.242195,cleared,0.0,1.0,0.0,643
37.313712,-86.239104,cleared,0.0,1.0,0.0,691
37.313712,-86.238485,cleared,0.0,1.0,0.0,557
37.313711,-86.237867,cleared,0.0,1.0,0.0,623
37.313711,-86.23663,cleared,0.0,1.0,0.0,636
37.313226,-86.253325,wooded,0.995,0.005,0.0,372
37.313225,-86.250852,wooded,1.0,0.0,0.0,527
37.31322,-86.242196,cleared,0.0,1.0,0.0,666
37.31322,-86.241577,cleared,0.0,1.0,0.0,725
37.313218,-86.239104,cleared,0.0,1.0,0.0,588
37.313217,-86.237249,cleared,0.0,1.0,0.0,705
37.313217,-86.236631,cleared,0.0,1.0,0.0,536
37.313216,-86.236013,cleared,0.0,1.0,0.0,27
37.312727,-86.242815,cleared,0.0,1.0,0.0,664
37.312726,-86.24096,cleared,0.0,1.0,0.0,649
37.312725,-86.239723,cleared,0.0,1.0,0.0,662
37.312724,-86.238486,cleared,0.0,1.0,0.0,668
37.312724,-86.237868,cleared,0.0,1.0,0.0,656
37.312723,-86.23725,cleared,0.0,1.0,0.0,581
37.312723,-86.236631,cleared,0.0,1.0,0.0,540
37.312231,-86.240342,cleared,0.0,1.0,0.0,492
37.312231,-86.239105,cleared,0.0,1.0,0.0,361
37.31223,-86.237869,cleared,0.0,1.0,0.0,702
37.312229,-86.236632,cleared,0.0,1.0,0.0,556
37.311738,-86.241579,cleared,0.0,1.0,0.0,674
37.311737,-86.239724,cleared,0.0,1.0,0.0,525
37.311736,-86.238487,cleared,0.0,1.0,0.0,683
37.311736,-86.237869,cleared,0.0,1.0,0.0,727
37.311736,-86.237251,cleared,0.0,1.0,0.0,721
37.311735,-86.236632,cleared,0.0,1.0,0.0,586
37.311735,-86.236014,cleared,0.0,1.0,0.0,27
37.311245,-86.242816,cleared,0.0,1.0,0.0,532
37.311244,-86.240961,cleared,0.0,1.0,0.0,716
37.311244,-86.240343,cleared,0.0,1.0,0.0,674
37.311242,-86.238488,cleared,0.0,1.0,0.0,690
37.311242,-86.237251,cleared,0.0,1.0,0.0,694
37.311241,-86.236015,cleared,0.0,1.0,0.0,27
37.31075,-86.24158,cleared,0.0,1.0,0.0,649
37.31075,-86.240961,cleared,0.0,1.0,0.0,601
37.31075,-86.240343,cleared,0.0,1.0,0.0,663
37.310749,-86.239725,cleared,0.0,1.0,0.0,689
37.310749,-86.239107,cleared,0.0,1.0,0.0,701
37.310749,-86.238488,cleared,0.0,1.0,0.0,602
37.310748,-86.23787,cleared,0.0,1.0,0.0,655
37.310748,-86.237252,cleared,0.0,1.0,0.0,646
37.310257,-86.242199,cleared,0.0,1.0,0.0,576
37.310256,-86.240344,cleared,0.0,1.0,0.0,654
37.310255,-86.239725,cleared,0.0,1.0,0.0,579
37.310254,-86.23787,cleared,0.0,1.0,0.0,639
37.310254,-86.237252,cleared,0.0,1.0,0.0,637
37.310254,-86.236634,cleared,0.0,1.0,0.0,533
37.309762,-86.240962,cleared,0.0,1.0,0.0,634
37.309762,-86.240344,cleared,0.0,1.0,0.0,689
37.309761,-86.239108,cleared,0.0,1.0,0.0,729
37.309761,-86.238489,cleared,0.0,1.0,0.0,685
37.30976,-86.237253,cleared,0.0,1.0,0.0,667
37.309759,-86.236016,cleared,0.0,1.0,0.0,27
37.309269,-86.241581,cleared,0.0,1.0,0.0,657
37.309267,-86.239108,cleared,0.0,1.0,0.0,668
37.309267,-86.237871,cleared,0.0,1.0,0.0,710
37.309266,-86.237253,cleared,0.0,1.0,0.0,729
37.309265,-86.236017,cleared,0.0,1.0,0.0,27
37.308776,-86.243436,cleared,0.0,1.0,0.0,707
37.308773,-86.237872,cleared,0.0,1.0,0.0,657
37.308278,-86.237254,cleared,0.0,1.0,0.0,611
37.308278,-86.236018,cleared,0.0,1.0,0.0,27
37.307785,-86.237255,cleared,0.0,1.0,0.0,696
37.305809,-86.237257,cleared,0.0,1.0,0.0,681
37.294943,-86.236031,cleared,0.0,1.0,0.0,27
37.29445,-86.23665,cleared,0.0,1.0,0.0,487
37.29445,-86.236032,cleared,0.0,1.0,0.0,27
37.293956,-86.23665,cleared,0.0,1.0,0.0,593
37.293956,-86.236032,cleared,0.0,1.0,0.0,27
37.293463,-86.238505,cleared,0.0,1.0,0.0,659
37.293463,-86.237887,cleared,0.0,1.0,0.0,682
37.29297,-86.238506,cleared,0.0,1.0,0.0,669
37.292969,-86.237888,cleared,0.0,1.0,0.0,662
37.292969,-86.237269,cleared,0.0,1.0,0.0,653
37.292968,-86.236651,cleared,0.0,1.0,0.0,589
37.292475,-86.237888,cleared,0.0,1.0,0.0,668
37.292475,-86.236652,cleared,0.0,1.0,0.0,439
37.291981,-86.237889,cleared,0.0,1.0,0.0,672
37.291981,-86.236652,cleared,0.0,1.0,0.0,459
37.291487,-86.237271,cleared,0.0,1.0,0.0,702
37.291487,-86.236653,cleared,0.0,1.0,0.0,381
37.291486,-86.236035,cleared,0.0,1.0,0.0,27
37.290994,-86.238508,cleared,0.0,1.0,0.0,648
37.290994,-86.23789,cleared,0.0,1.0,0.0,640
37.290993,-86.237271,cleared,0.0,1.0,0.0,693
37.2905,-86.238508,cleared,0.0,1.0,0.0,677
37.2905,-86.23789,cleared,0.0,1.0,0.0,647
37.290499,-86.236654,cleared,0.0,1.0,0.0,382
37.290006,-86.237891,cleared,0.0,1.0,0.0,704
37.290006,-86.237272,cleared,0.0,1.0,0.0,578
37.290005,-86.236654,cleared,0.0,1.0,0.0,237
37.289517,-86.245927,cleared,0.0,1.0,0.0,643
37.289511,-86.236655,cleared,0.0,1.0,0.0,189
37.289511,-86.236037,cleared,0.0,1.0,0.0,27
37.289018,-86.236655,cleared,0.0,1.0,0.0,237
37.289017,-86.236037,cleared,0.0,1.0,0.0,27
37.28507,-86.241604,cleared,0.0,1.0,0.0,672
37.285069,-86.240368,cleared,0.0,1.0,0.0,665
37.285067,-86.237895,cleared,0.0,1.0,0.0,716
37.284577,-86.24284,cleared,0.0,1.0,0.0,675
37.284576,-86.241604,cleared,0.0,1.0,0.0,676
37.284575,-86.240986,cleared,0.0,1.0,0.0,665
37.284575,-86.240368,cleared,0.0,1.0,0.0,684
37.284575,-86.23975,cleared,0.0,1.0,0.0,605
37.284574,-86.237896,cleared,0.0,1.0,0.0,726
37.284573,-86.237278,cleared,0.0,1.0,0.0,627
37.284084,-86.244695,cleared,0.0,1.0,0.0,524
37.284083,-86.243459,cleared,0.0,1.0,0.0,587
37.284083,-86.242841,cleared,0.0,1.0,0.0,654
37.284082,-86.242223,cleared,0.0,1.0,0.0,672
37.284082,-86.241605,cleared,0.0,1.0,0.0,632
37.284082,-86.240987,cleared,0.0,1.0,0.0,719
37.284081,-86.240369,cleared,0.0,1.0,0.0,641
37.284081,-86.239751,cleared,0.0,1.0,0.0,599
37.28408,-86.238514,cleared,0.0,1.0,0.0,713
37.28408,-86.237896,cleared,0.0,1.0,0.0,727
37.284079,-86.237278,cleared,0.0,1.0,0.0,645
37.28359,-86.245314,cleared,0.0,1.0,0.0,705
37.28359,-86.244078,cleared,0.0,1.0,0.0,608
37.283589,-86.243459,cleared,0.0,1.0,0.0,726
37.283589,-86.242841,cleared,0.0,1.0,0.0,680
37.283588,-86.242223,cleared,0.0,1.0,0.0,621
37.283588,-86.241605,cleared,0.0,1.0,0.0,680
37.283588,-86.240987,cleared,0.0,1.0,0.0,693
37.283587,-86.240369,cleared,0.0,1.0,0.0,693
37.283586,-86.237897,cleared,0.0,1.0,0.0,723
37.283585,-86.236661,cleared,0.0,1.0,0.0,508
37.283097,-86.245932,cleared,0.0,1.0,0.0,657
37.283096,-86.245314,cleared,0.0,1.0,0.0,708
37.283096,-86.244696,cleared,0.0,1.0,0.0,591
37.283096,-86.244078,cleared,0.0,1.0,0.0,664
37.283095,-86.24346,cleared,0.0,1.0,0.0,627
37.283095,-86.242224,cleared,0.0,1.0,0.0,649
37.283094,-86.241606,cleared,0.0,1.0,0.0,681
37.283092,-86.237279,cleared,0.0,1.0,0.0,678
37.283091,-86.236043,cleared,0.0,1.0,0.0,27
37.282603,-86.245315,cleared,0.0,1.0,0.0,721
37.282602,-86.244696,cleared,0.0,1.0,0.0,665
37.282602,-86.244078,cleared,0.0,1.0,0.0,657
37.282601,-86.24346,cleared,0.0,1.0,0.0,701
37.282597,-86.236044,cleared,0.0,1.0,0.0,27
37.282109,-86.245933,cleared,0.0,1.0,0.0,626
37.282109,-86.245315,cleared,0.0,1.0,0.0,643
37.282108,-86.244697,cleared,0.0,1.0,0.0,638
37.282108,-86.244079,cleared,0.0,1.0,0.0,680
37.281616,-86.246552,cleared,0.0,1.0,0.0,685
37.281615,-86.245933,cleared,0.0,1.0,0.0,590
37.281615,-86.245315,cleared,0.0,1.0,0.0,675
37.281614,-86.244697,cleared,0.0,1.0,0.0,729
37.281614,-86.244079,cleared,0.0,1.0,0.0,661
37.281122,-86.246552,cleared,0.0,1.0,0.0,606
37.281121,-86.245934,cleared,0.0,1.0,0.0,476
37.281121,-86.245316,cleared,0.0,1.0,0.0,667
37.281121,-86.244698,cleared,0.0,1.0,0.0,675
37.280628,-86.24717,cleared,0.0,1.0,0.0,627
37.280628,-86.246552,cleared,0.0,1.0,0.0,627
37.280627,-86.245934,cleared,0.0,1.0,0.0,628
37.280627,-86.245316,cleared,0.0,1.0,0.0,706
37.280135,-86.247789,cleared,0.0,1.0,0.0,689
37.280134,-86.247171,cleared,0.0,1.0,0.0,662
37.280134,-86.246553,cleared,0.0,1.0,0.0,627
37.280133,-86.245317,cleared,0.0,1.0,0.0,617
37.279641,-86.247789,cleared,0.0,1.0,0.0,704
37.27964,-86.247171,cleared,0.0,1.0,0.0,649
37.27964,-86.245935,cleared,0.0,1.0,0.0,685
37.279639,-86.245317,cleared,0.0,1.0,0.0,650
37.279639,-86.244081,cleared,0.0,1.0,0.0,721
37.279147,-86.247172,cleared,0.0,1.0,0.0,641
37.279146,-86.246554,cleared,0.0,1.0,0.0,632
37.279146,-86.245936,cleared,0.0,1.0,0.0,681
37.279146,-86.245318,cleared,0.0,1.0,0.0,590
37.279145,-86.2447,cleared,0.0,1.0,0.0,665
37.279145,-86.244082,cleared,0.0,1.0,0.0,648
37.279144,-86.242845,cleared,0.0,1.0,0.0,703
37.279144,-86.242227,cleared,0.0,1.0,0.0,587
37.278653,-86.24779,cleared,0.0,1.0,0.0,703
37.278653,-86.247172,cleared,0.0,1.0,0.0,629
37.278652,-86.246554,cleared,0.0,1.0,0.0,506
37.278652,-86.245936,cleared,0.0,1.0,0.0,693
37.278652,-86.245318,cleared,0.0,1.0,0.0,649
37.278651,-86.2447,cleared,0.0,1.0,0.0,722
37.278651,-86.244082,cleared,0.0,1.0,0.0,620
37.278651,-86.243464,cleared,0.0,1.0,0.0,728
37.27865,-86.242846,cleared,0.0,1.0,0.0,624
37.278649,-86.24161,cleared,0.0,1.0,0.0,560
37.278649,-86.240992,cleared,0.0,1.0,0.0,670
37.278159,-86.247791,cleared,0.0,1.0,0.0,702
37.278159,-86.247173,cleared,0.0,1.0,0.0,647
37.278158,-86.246555,cleared,0.0,1.0,0.0,644
37.278158,-86.245937,cleared,0.0,1.0,0.0,518
37.278156,-86.242846,cleared,0.0,1.0,0.0,692
37.278156,-86.242228,cleared,0.0,1.0,0.0,695
37.278155,-86.240992,cleared,0.0,1.0,0.0,681
37.278154,-86.239756,cleared,0.0,1.0,0.0,643
37.277664,-86.245937,cleared,0.0,1.0,0.0,535
37.27717,-86.245937,cleared,0.0,1.0,0.0,604
37.27569,-86.248411,cleared,0.0,1.0,0.0,697
37.275196,-86.248411,cleared,0.0,1.0,0.0,623
37.27421,-86.250266,water,0.0,0.305,0.695,95
37.27026,-86.252123,water,0.016,0.115,0.868,182
37.267295,-86.250272,water,0.016,0.142,0.842,190
37.263839,-86.250892,water,0.214,0.364,0.422,187
37.262851,-86.251511,water,0.258,0.133,0.608,120
37.262353,-86.243479,cleared,0.0,1.0,0.0,533
